experiment,time,AKT1i,APAF1i,Apoptosis_phenotypei,Apoptosome_complexi,BADi,BAD_BBC3_BCL2L11_complexi,BAXi,BCL2_MCL1_BCL2L1_complexi,BIDi,CASP3i,CASP7i,CASP8i,CASP9_celli,CASP9_cell_activei,CYCSi,Ei,FADDi,FASLGi,FAS_FASL_complexi,Mi,MAPK14i,Ni,Orf3a_celli,Orf3a_mitochondrioni,Orf3bi,Orf6i,Orf7ai,Orf8ai,Orf9bi,Si,TNFi,TNF_TNFRSF1A_complexi,TRADDi,TRADD_FADD_complexi,AKT1,APAF1,Apoptosis_phenotype,Apoptosome_complex,BAD,BAD_BBC3_BCL2L11_complex,BAX,BCL2_MCL1_BCL2L1_complex,BID,CASP3,CASP7,CASP8,CASP9_cell,CASP9_cell_active,CYCS,E,FADD,FASLG,FAS_FASL_complex,M,MAPK14,N,Orf3a_cell,Orf3a_mitochondrion,Orf3b,Orf6,Orf7a,Orf8a,Orf9b,S,TNF,TNF_TNFRSF1A_complex,TRADD,TRADD_FADD_complex
0,0,0,0,0,0,0,0,0,0,0,0,0,0,0,0,0,0,0,0,0,0,0,0,0,0,0,0,0,0,0,0,0,0,0,0,0.0,1.0,1.0,0.034600012460204846,0.0,0.10562985134837098,0.0,0.0,1.0,0.9768826458424072,0.0,1.0,1.0,0.9614361840048964,0.9519461439228946,0.8597656335722852,0.0,0.028957398686813685,0.0,1.0,0.9081170613432004,1.0,0.05497468964459216,0.0,0.0,0.0,0.0,1.0,0.9230104202430747,0.0,0.9808656090847502,0.9741952127533261,1.0,1.0
0,10,0,0,0,0,0,0,0,0,0,0,0,0,0,0,0,0,0,0,0,0,0,0,0,0,0,0,0,0,0,0,0,0,0,0,0.0617112806854832,1.0,0.9057146411638403,0.9645474018767015,1.0,0.8949219651510312,1.0,0.0,0.19950813387123267,1.0,0.8679331196828135,0.00028344812261827854,0.9432083420912014,1.0,0.9774061116367413,1.0,0.006822246784433918,0.02572024016011819,0.2365462548582844,1.0,0.13438195567269692,0.9467951530510307,0.11702627178522845,0.06486879018775986,0.041218523063369206,0.07318040657831519,0.0,1.0,1.0,0.0,0.726731511551324,1.0,1.0,0.0
0,30,0,0,0,0,0,0,0,0,0,0,0,0,0,0,0,0,0,0,0,0,0,0,0,0,0,0,0,0,0,0,0,0,0,0,0.006740681097470955,0.8611901445246534,1.0,0.9695040615793182,0.9931973546101305,0.9004160237970984,1.0,0.0,0.007965622337989196,0.9630705520007009,0.8994088997784567,0.06622769137914174,0.880676335727251,0.9519703435361166,0.8752293014498385,0.8007383586513592,0.0,0.09952044081243722,0.0,1.0,0.0,0.9222819833040317,0.0,0.0,0.04384491873629014,0.0,0.0,0.8211754292963604,1.0,0.06196645846079385,1.0,1.0,0.8241096482615946,0.0
0,60,0,0,0,0,0,0,0,0,0,0,0,0,0,0,0,0,0,0,0,0,0,0,0,0,0,0,0,0,0,0,0,0,0,0,0.0,1.0,0.9813350801924441,1.0,0.863699551314246,1.0,0.9744348926221367,0.0,0.21839711560054886,1.0,1.0,0.07029530138336917,1.0,0.8997555024747064,0.8652083747779277,1.0,0.0,0.017113907217926067,0.0,1.0,0.11950198345548516,0.9584109458868758,0.0,0.0,0.0,0.0446238127793823,0.0,1.0,0.8232007563780714,0.03585624301369527,1.0,1.0,0.9399083661599361,0.0076290849264938135
1,0,0,0,0,0,0,0,0,0,0,0,0,0,0,0,0,0,0,0,0,0,0,0,0,0,0,0,0,0,0,0,0,0,0,0,0.10417566371792392,0.0,0.9511978976937233,0.0,0.22613147895752328,0.0,0.0,0.0,0.0,0.8799593346839741,0.0857004307560249,0.8767733569339169,0.10781978603285175,0.8747974892262821,0.0,1.0,0.05437546044231916,1.0,0.0,1.0,1.0,0.01282078320640546,0.0,0.0,0.9585560566460619,1.0,1.0,0.0,0.8363966858571199,0.0,0.7961329233719534,1.0,1.0,0.12133987989416728
1,10,0,0,0,0,0,0,0,0,0,0,0,0,0,0,0,0,0,0,0,0,0,0,0,0,0,0,0,0,0,0,0,0,0,0,0.0,0.1707167518771615,0.8565537875002546,0.0,0.9609857743146142,0.9780708654862212,1.0,0.0,1.0,0.9788961810926872,0.9764948105446812,0.8456220502715266,0.010952689867813073,0.0,1.0,1.0,0.9303911826519786,0.8827380446170288,0.938772594953201,0.965492164079972,0.0,0.0,0.02684710341016924,0.0,1.0,1.0,0.9130851339183785,0.0,0.8198620927786242,0.0,1.0,0.9345547372805918,1.0,0.8917718945542095
1,30,0,0,0,0,0,0,0,0,0,0,0,0,0,0,0,0,0,0,0,0,0,0,0,0,0,0,0,0,0,0,0,0,0,0,0.0,0.06210000061546716,1.0,0.0,1.0,0.8622195807733329,1.0,0.0,1.0,0.8382950584866448,0.946870565821764,1.0,0.0,0.012285181669315047,1.0,1.0,1.0,1.0,0.9185841685518615,1.0,0.0,0.01966402012109128,0.28278148072425796,0.0,0.8549454323754697,1.0,1.0,0.09694724978320385,0.9188765902643551,0.0,1.0,1.0,1.0,0.8464658209335277
1,60,0,0,0,0,0,0,0,0,0,0,0,0,0,0,0,0,0,0,0,0,0,0,0,0,0,0,0,0,0,0,0,0,0,0,0.0,0.0,1.0,0.15411652264708917,1.0,0.9731387035913328,1.0,0.0,1.0,0.9063228868246441,1.0,1.0,0.057165662523459386,0.11603299989787415,1.0,0.928274388150311,1.0,1.0,1.0,1.0,0.0,0.1717378204644944,0.0,0.0,0.9010244339708307,1.0,0.967972958515682,0.0,1.0,0.146842304520505,0.9753282905457183,1.0,0.8133658473834523,0.873766072980552
2,0,1,0,0,0,0,0,0,0,0,0,0,0,0,0,0,0,0,0,0,0,0,0,0,0,0,0,0,0,0,0,0,0,0,0,0.9549482450395582,0.03411361036010873,0.08493556635311077,0.15657979718588613,0.009964260511485405,0.10575212921799855,0.01621140755770972,0.9289339488819829,0.9643855642803818,0.08091247920819135,0.0,1.0,1.0,0.02938365142830618,0.923216165339932,0.995665615279272,0.00439949366592462,0.8273461269131843,1.0,0.0,0.0,1.0,1.0,0.0,1.0,0.09129950433686694,0.09896431464596736,0.0,1.0,1.0,0.9307228757860075,0.0,0.2313180255330468,0.0
2,10,1,0,0,0,0,0,0,0,0,0,0,0,0,0,0,0,0,0,0,0,0,0,0,0,0,0,0,0,0,0,0,0,0,0,1.0,0.0,0.864233213698343,0.0,0.0,1.0,1.0,0.07995776341453092,0.8180975817993947,1.0,0.9713005661916503,1.0,1.0,0.0,1.0,1.0,1.0,1.0,0.8780618904044122,0.0,0.11032355620739998,1.0,1.0,0.0,1.0,0.0,0.0,0.0,1.0,0.8379561151084213,1.0,0.8927617320861838,0.029601642198972183,0.0
2,30,1,0,0,0,0,0,0,0,0,0,0,0,0,0,0,0,0,0,0,0,0,0,0,0,0,0,0,0,0,0,0,0,0,0,0.9297362662059547,0.007157759048904181,1.0,0.12376366178562122,0.0,1.0,0.8552753377156888,0.07850982752397062,0.8964302224004731,0.9746269305745572,1.0,0.9848958597899046,1.0,0.20006868639830536,1.0,1.0,1.0,1.0,0.9187790534213154,0.05716784135456703,0.06757758044246737,0.9984826898346894,0.7533698962207396,0.0,0.8598575418526909,0.0,0.189042728460644,0.0,0.9605423809015345,1.0,0.9255850026805656,1.0,0.06838231642548041,0.0
2,60,1,0,0,0,0,0,0,0,0,0,0,0,0,0,0,0,0,0,0,0,0,0,0,0,0,0,0,0,0,0,0,0,0,0,0.9877545268814235,0.0,1.0,0.0,0.09156479332926594,0.9858600786312876,1.0,0.0,1.0,1.0,1.0,1.0,0.8417451877742619,0.07765457130277947,0.9427733407607152,1.0,1.0,0.9378747999735384,1.0,0.0,0.0,0.8964307546965222,0.8617681597773923,0.0,1.0,0.0,0.07356446462978035,0.1699919153109911,1.0,1.0,1.0,0.9594224673617449,0.0,0.0
3,0,0,0,0,0,1,0,0,0,0,0,0,0,0,0,0,0,0,0,0,0,0,0,0,0,0,0,0,0,0,0,0,0,0,0,0.9832636933727954,1.0,0.10348130840507269,0.8830465250440844,0.8510356661746368,0.08161336804525604,0.8176958786963322,0.0,0.09740002929958631,0.0,1.0,0.0,1.0,0.013863201704346951,0.0,0.9414693452148911,1.0,0.0,0.0167011730913961,0.0,0.15940205257483572,0.058919646889194245,1.0,0.0,0.12724812035451585,0.010736756769643627,0.011455898034865944,0.9925548142372799,1.0,0.0,0.004133613415464377,1.0,0.9265908072112763,0.9532917334056371
3,10,0,0,0,0,1,0,0,0,0,0,0,0,0,0,0,0,0,0,0,0,0,0,0,0,0,0,0,0,0,0,0,0,0,0,1.0,0.9883775162725744,0.9710635425559961,0.13277969376395182,0.0,0.7666823633249904,1.0,0.16332047992522536,0.9508005817690819,1.0,1.0,1.0,0.8387122878903239,0.0,0.993000936167363,0.9600693992466038,0.0,0.3153524951476255,0.0,0.0,0.0,0.01904502812732328,1.0,0.11602130827356916,0.0,0.0,0.15360141704168145,1.0,0.9700539275692082,0.028341340051392362,0.0,0.0,1.0,0.0
3,30,0,0,0,0,1,0,0,0,0,0,0,0,0,0,0,0,0,0,0,0,0,0,0,0,0,0,0,0,0,0,0,0,0,0,0.9082198899271243,1.0,1.0,0.05220521406821941,0.0,1.0,0.9932197003404236,0.118474348647921,1.0,1.0,1.0,1.0,0.9732761431642035,0.0,0.9793051549937929,1.0,0.0,0.10269030547136207,0.0,0.0,0.0,0.06297390664694634,0.891409586509783,0.0,0.0550359763018605,0.0,0.12872276747667039,0.9756744349578138,1.0,0.035106560167700085,0.0030050411596630436,0.10388156025487966,0.972083182190609,0.0
3,60,0,0,0,0,1,0,0,0,0,0,0,0,0,0,0,0,0,0,0,0,0,0,0,0,0,0,0,0,0,0,0,0,0,0,1.0,1.0,0.9500821646725275,0.0,0.0706721138368554,1.0,0.8918358757501046,0.06331039016608178,0.9890600892049162,1.0,0.8356965492828111,0.9910280367269168,0.9726617841814246,0.0,1.0,1.0,0.019776046299631835,0.0,0.0,0.028241127775524413,0.0876821203918757,0.0991061190596572,0.86518353776157,0.003685089866288552,0.0,0.0,0.0,0.9588258157461439,0.9400117809535856,0.06829166527612866,0.0,0.0,0.9995451727388369,0.0
4,0,0,0,0,0,0,0,0,0,0,0,0,0,0,0,0,0,0,0,0,0,0,0,0,0,0,0,0,0,0,0,0,0,0,0,0.0,0.0,0.0,0.0,0.9252176382062006,1.0,0.0,0.0,0.0,1.0,0.0,0.9299608065054181,0.9736573141571038,0.0,0.0,1.0,0.0,0.06217907035685584,0.005950413412743719,0.03953090824730515,0.09282517186531061,1.0,0.01913106141383632,0.0,0.8178214884831696,1.0,0.0,0.9845458300116492,0.788242761505946,1.0,0.0,0.0615175857526307,0.0,0.0
4,10,0,0,0,0,0,0,0,0,0,0,0,0,0,0,0,0,0,0,0,0,0,0,0,0,0,0,0,0,0,0,0,0,0,0,1.0,0.14482992685956483,1.0,0.010976202061974083,0.0,0.9310414262463536,1.0,0.0576733590316538,0.0,0.0,0.1321848614499679,0.0,0.9592569988201992,0.038214546359919194,0.9890189293323991,1.0,0.0,0.0,0.0,0.08346693734836007,0.081639773825918,1.0,0.16069560761482723,0.0,0.8777308824375134,1.0,0.017796163853580516,0.9519840337911171,0.9650268575769685,1.0,0.0,0.0,0.034648321540407666,0.0
4,30,0,0,0,0,0,0,0,0,0,0,0,0,0,0,0,0,0,0,0,0,0,0,0,0,0,0,0,0,0,0,0,0,0,0,1.0,0.042825203385765155,0.9815446368177798,0.0,0.0,0.9135506498612596,1.0,0.0,0.25486021904024764,0.0,0.0,0.0,0.9850734832049605,0.0,0.9906518056936632,1.0,0.0,0.056383890428430394,0.0,0.0,0.11597889172200099,1.0,0.0,0.0,1.0,0.9828823273885776,0.0114148056212314,0.9452594021312115,1.0,1.0,0.10769073519267405,0.08312964414251289,0.0,0.0
4,60,0,0,0,0,0,0,0,0,0,0,0,0,0,0,0,0,0,0,0,0,0,0,0,0,0,0,0,0,0,0,0,0,0,0,0.8799685582570527,0.04770129412043446,1.0,0.0,0.0667497792161813,0.9298022259936249,1.0,0.0,0.08648464519298474,0.0,0.0,0.15719267521369598,1.0,0.0,1.0,0.9107370883293073,0.0,0.0,0.013657658313640759,0.058405298265095745,0.0,1.0,0.0,0.09789524029028802,0.8791821182138378,1.0,0.0678932630388383,0.9401358941027312,0.9689928992854897,0.9736393042810153,0.03778548528158157,0.00341610002243984,0.0,0.10310917999095026
5,0,0,0,0,0,0,0,0,0,0,0,0,0,0,0,0,0,0,0,0,0,0,0,0,0,0,0,0,0,0,0,0,0,0,0,0.9567475788710218,0.14837507388800814,1.0,0.8349020174014165,0.02045729014702849,0.039661526099329054,0.0,0.0,0.01957089340943518,0.3211619602687936,1.0,0.9065289670031165,0.013662258049706257,0.0,1.0,0.9345001646958454,1.0,0.0,0.9785537211786344,0.12677957237096357,0.05621372086070188,0.1443508866556081,0.0,0.09433583950787013,0.01766848872860549,0.9931023863865028,0.0,0.11126347366736747,1.0,0.9687325214331006,1.0,0.7894772999609272,0.0,0.998922852037924
5,10,0,0,0,0,0,0,0,0,0,0,0,0,0,0,0,0,0,0,0,0,0,0,0,0,0,0,0,0,0,0,0,0,0,0,1.0,0.027400793242107202,0.9917973519598497,0.046944832018502886,0.19329336389823576,0.8512268795979226,1.0,0.32819252129750665,0.0,0.10796457119311752,0.0,0.0,0.019726044157674556,0.02195095325643908,1.0,0.9988976731257464,0.0445597730971618,0.20939880678598677,0.053113987828881264,0.0,0.0,0.0,0.0,0.0,0.10374820735172577,0.9749422237041461,0.03969154976421202,0.0,0.8982031469806383,1.0,1.0,0.8236916756627534,0.04834800350870507,0.0
5,30,0,0,0,0,0,0,0,0,0,0,0,0,0,0,0,0,0,0,0,0,0,0,0,0,0,0,0,0,0,0,0,0,0,0,0.9575341090894846,0.1584372104512427,0.9679005781627127,0.01513958108692245,0.0,0.9089279655872435,0.9757201369534624,0.018137727116547972,0.05574107090818753,0.0,0.0,0.018749888894728214,0.0,0.027126717519425816,0.9912048913492154,1.0,0.0,0.1381897908959536,0.0,0.24788543118940956,0.0,0.1533967601611021,0.0,0.0,0.14358012974018985,0.8873119070461138,0.0,0.0,1.0,0.828882122500135,0.9035853708872922,1.0,0.00831378075313473,0.0
5,60,0,0,0,0,0,0,0,0,0,0,0,0,0,0,0,0,0,0,0,0,0,0,0,0,0,0,0,0,0,0,0,0,0,0,0.9927179164483482,0.0,0.9394885595708111,0.0,0.14698020676289683,1.0,1.0,0.02437443793579468,0.021213299662651005,0.0,0.04406788583297527,0.0,0.0,0.09720468004541812,1.0,1.0,0.27518028785152643,0.0,0.0,0.0,0.0,0.15836530710514402,0.0,0.11336054291273312,0.041058768133386075,0.9601008919477655,0.008467217367220763,0.05826423634089733,0.813079726213513,0.901088775060916,0.9832082672000374,0.9259531986800967,0.0,0.0
6,0,0,0,0,0,0,0,0,0,0,0,0,0,0,0,0,0,0,0,0,0,0,0,0,0,0,0,0,0,0,0,0,0,0,0,0.0,0.8782526122585108,0.05816185348657768,0.9331772662568568,0.0,0.9618905046025031,0.9805692255488364,0.0,0.0,0.0,0.0,0.05802763276895384,0.9612939135577139,0.187054003130689,0.0,0.0,0.044492290360844906,0.0,0.8414462395483767,0.07808970636300755,0.03339431898624636,0.09244838565364649,0.18714220567663706,0.16310773164994993,0.09371130727006871,0.904458365387433,0.9777320254293034,0.0,0.0,0.040516957660319465,0.9569398791939093,0.9428802821614571,1.0,0.0
6,10,0,0,0,0,0,0,0,0,0,0,0,0,0,0,0,0,0,0,0,0,0,0,0,0,0,0,0,0,0,0,0,0,0,0,1.0,0.7701011670112726,1.0,0.0,0.10282639865527272,1.0,0.9597322277683202,0.0,0.0,0.0,0.09010201020167613,0.0994833812955529,1.0,0.0,1.0,0.0,0.0,0.0,0.0,0.030967294759472127,0.1577049954710891,0.0,0.053117297489840155,0.0,0.10562782624747924,0.8737602009001892,1.0,0.0,0.18571240599104966,0.0799871756141114,0.9532946580163583,1.0,0.8687605651567268,0.0
6,30,0,0,0,0,0,0,0,0,0,0,0,0,0,0,0,0,0,0,0,0,0,0,0,0,0,0,0,0,0,0,0,0,0,0,0.981623058087148,0.857717044682207,1.0,0.0,0.0,1.0,0.8453792977297635,0.0,0.009872822227068513,0.2525480907626415,0.0,0.045445985977553165,1.0,0.0,0.9942862253484158,0.006022622237605551,0.014716857406695228,0.0,0.0014885452884918747,0.06392496551749284,0.11552479773334018,0.1843412101153581,0.0,0.0,0.0,0.9045964699825774,1.0,0.12887012814396537,0.0,0.06156961996346086,0.9312945740128346,1.0,0.9836404001919127,0.0
6,60,0,0,0,0,0,0,0,0,0,0,0,0,0,0,0,0,0,0,0,0,0,0,0,0,0,0,0,0,0,0,0,0,0,0,0.8857739821058864,0.7783277594179708,1.0,0.0,0.0,1.0,1.0,0.1079381368198539,0.0,0.15948246007093697,0.1490580659530652,0.0,1.0,0.0,0.743420668561392,0.030665705767382513,0.109290219788485,0.1969765228596446,0.0,0.10820582818262542,0.025482677591502093,0.0,0.0,0.0,0.17005902355945987,1.0,0.9130273043040988,0.0,0.01264724037441707,0.0,0.9564380884410832,0.8951321088335235,0.9602729514596782,0.10263606971738365
7,0,0,0,0,0,0,0,0,0,0,0,0,0,0,0,0,0,0,0,0,0,0,0,0,0,0,0,0,0,0,0,0,0,0,0,1.0,0.9535171532973695,1.0,0.043803206904837466,0.07433123748049321,0.9984395265371695,0.029840372919765504,0.0,0.0017209039751560876,0.17697746880328494,0.16333592100253325,0.16464129326337762,0.052903881977857205,0.020288361462604095,0.0,1.0,0.0,0.0,0.9364227554262206,0.0,0.9598681443479062,0.13600778000986039,1.0,0.024000481550198807,1.0,0.0,0.9100986963388785,1.0,0.0,0.9037384398232853,0.027846936979818715,0.0394669347689976,0.02329289244835448,1.0
7,10,0,0,0,0,0,0,0,0,0,0,0,0,0,0,0,0,0,0,0,0,0,0,0,0,0,0,0,0,0,0,0,0,0,0,0.8719245555608925,1.0,1.0,0.021537958341166362,0.11426262543409763,1.0,0.8510009667824194,0.18645817636870354,0.8565500388041223,1.0,1.0,1.0,0.0,0.09326061316139733,0.9226108963410602,1.0,0.10721988430184243,0.0,0.005999347242326088,0.0,0.0,0.0,0.9229233026844975,0.0,0.947890040149798,0.06787534606073688,0.8288731608109605,0.8221166832682937,0.15113979870178784,1.0,0.0,0.09297291806211239,0.0014935525699250598,0.0
7,30,0,0,0,0,0,0,0,0,0,0,0,0,0,0,0,0,0,0,0,0,0,0,0,0,0,0,0,0,0,0,0,0,0,0,1.0,1.0,1.0,0.0,0.04993191357908644,1.0,0.9263759122979442,0.10950641486334178,0.9759950926655513,0.8509810557483787,0.9934791754458127,1.0,0.005845484552501621,0.1380462826882996,1.0,0.976951049086149,0.0,0.0963145162363117,0.10779572174805141,0.05174425604148909,0.03968373019286782,0.038609421327706984,0.9337162747509493,0.0,0.8606752116461212,0.007009991659245699,1.0,0.9847527930246495,0.0,0.8550025616852078,0.0,0.12093869082193483,0.006846789249654768,0.1203925777184304
7,60,0,0,0,0,0,0,0,0,0,0,0,0,0,0,0,0,0,0,0,0,0,0,0,0,0,0,0,0,0,0,0,0,0,0,1.0,0.9168429453914541,0.989702600531255,0.0,0.0,1.0,0.9103612804033057,0.0,1.0,0.8674978025001787,0.9850909375471718,1.0,0.17383023522793808,0.11739146389670543,1.0,1.0,0.02490189314314402,0.11689954399592117,0.0,0.10959175124332332,0.0,0.2125980099442779,1.0,0.03422942845549242,1.0,0.0,1.0,1.0,0.0018272850483693056,0.9186140728857424,0.0,0.05983211596290901,0.06420298592427244,0.010104427583964735
8,0,0,0,0,0,0,0,0,0,0,0,0,0,0,0,0,0,0,0,0,0,1,0,0,0,0,0,0,0,0,0,0,0,0,0,1.0,0.04469954086513828,0.0,0.9558112404774588,0.0,0.9285284198528908,1.0,0.9216183393610174,0.0,1.0,0.0,0.06617353907200466,1.0,0.9981106986161848,1.0,0.0,0.9400993988271407,1.0,0.0,1.0,1.0,0.015446316431844713,1.0,0.0,1.0,0.0,1.0,0.12916604989972896,0.9424174629008191,0.9242813740847029,0.0,1.0,0.12208643354546025,0.0
8,10,0,0,0,0,0,0,0,0,0,0,0,0,0,0,0,0,0,0,0,0,1,0,0,0,0,0,0,0,0,0,0,0,0,0,0.0,0.06561203554803392,1.0,0.0,1.0,0.8521358246916619,0.9080594639909311,0.0,1.0,1.0,1.0,0.9704438834918143,0.9552282001907324,0.036223704612395234,1.0,0.0,0.8599533016597741,0.9330737215160644,0.9839673553263184,1.0,0.10062172366438558,0.03689598120645024,0.8634574378017909,0.09500966748039563,1.0,0.07322565248531292,1.0,0.0,1.0,1.0,0.0,0.0,0.17693691121768473,0.09378153767041165
8,30,0,0,0,0,0,0,0,0,0,0,0,0,0,0,0,0,0,0,0,0,1,0,0,0,0,0,0,0,0,0,0,0,0,0,0.0,0.0,0.8835944339125438,0.07601299047315269,1.0,1.0,1.0,0.0,1.0,1.0,1.0,1.0,1.0,0.018596867839231063,1.0,0.13281918416615165,1.0,0.8031879328602982,1.0,0.9035781131367395,0.19630229497425855,0.042019627060027306,1.0,0.02503928377876499,0.964788571061062,0.10414145530320039,0.9685082683041283,0.0,0.762432617341458,0.8879682525188652,0.0,0.18544455003354754,0.025803030609626815,0.1134425342273862
8,60,0,0,0,0,0,0,0,0,0,0,0,0,0,0,0,0,0,0,0,0,1,0,0,0,0,0,0,0,0,0,0,0,0,0,0.13441722307352355,0.0,0.9773430017387135,0.0,1.0,1.0,1.0,0.0,0.9096185746086339,0.8377459141139965,0.9999270349141522,1.0,0.8187759494877791,0.2697819794388112,0.945124197727941,0.03146974775531485,0.9231610222888244,0.8868394891526592,1.0,1.0,0.0,0.19971624021061993,1.0,0.0,0.9682852110101794,0.0,0.8858994150748205,0.0,0.9531446093906646,0.9996801422053854,0.08819097181107881,0.0,0.02625076944992011,0.13383881067140752
9,0,0,0,0,0,0,0,0,0,0,1,0,0,0,0,0,0,0,0,0,0,0,0,0,0,0,0,0,1,0,0,0,0,0,0,0.9236859009687403,0.0,0.0,0.0,0.822497462168959,0.9686465076480854,0.0,0.9897454532969591,0.885420079436401,0.990512519652565,1.0,0.0,0.9748885420112066,0.028502852784446527,0.0,0.0,0.039358891064233376,0.11190263968885197,0.0830508269856565,1.0,0.0032981243700354983,0.9355850764731601,0.047388535775446314,0.046757978039957855,1.0,0.17149308734776303,0.09623847838380292,1.0,0.7939569674097239,1.0,1.0,0.23785957262380328,0.05553003947520732,0.01259038818245329
9,10,0,0,0,0,0,0,0,0,0,1,0,0,0,0,0,0,0,0,0,0,0,0,0,0,0,0,0,1,0,0,0,0,0,0,0.06809394513757748,0.0,1.0,0.0,1.0,0.9152548064347311,1.0,0.10047281696065649,0.0,0.0,0.04150294178079634,0.06659067277863728,1.0,0.09866437838803392,1.0,0.008922313390143875,0.0,0.08217059310233846,0.023862764469569434,0.9025961732348111,0.0,0.8390112527619695,0.06431010972328088,0.2221513293471008,1.0,0.0,0.08575670451553939,0.9120133343931502,0.9431624444078139,1.0,1.0,0.9501658380255629,0.0,0.26583706447237826
9,30,0,0,0,0,0,0,0,0,0,1,0,0,0,0,0,0,0,0,0,0,0,0,0,0,0,0,0,1,0,0,0,0,0,0,0.021108074747950442,0.1417192181944558,0.76932966008732,0.0,1.0,0.8368095519097444,1.0,0.0,0.0,0.0,0.0,0.0,0.961291952325092,0.13122234288958048,1.0,0.0,0.0,0.0,0.09569396923210828,0.7885172214569797,0.061360626615922786,1.0,0.09942374301732315,0.1280763977482957,1.0,0.0,0.0,1.0,1.0,0.9869207775133666,0.8369545096356892,1.0,0.2987037072159125,0.0
9,60,0,0,0,0,0,0,0,0,0,1,0,0,0,0,0,0,0,0,0,0,0,0,0,0,0,0,0,1,0,0,0,0,0,0,0.0,0.0,1.0,0.0,1.0,0.9564513279760948,0.695131564956935,0.04836049445635962,0.0,0.0,0.0,0.07020489663949966,1.0,0.0,0.9468664687497055,0.08770272638052892,0.0,0.08994345433700011,0.0,0.9670490419714198,0.0,1.0,0.023382311058787932,0.0,0.9716827479476005,0.0,0.25174332997042326,1.0,0.9129592493451932,0.9611879766301716,1.0,1.0,0.0,0.0
10,0,0,0,0,0,1,0,0,0,0,0,0,0,0,0,0,0,0,0,0,0,0,0,0,0,0,0,0,0,0,0,0,0,0,0,0.0,0.014594082691719462,0.9562150260701808,0.0,0.9568156142862625,0.0,0.9642949195816063,0.923799171911611,0.052535202866274715,0.0,0.0,0.9059875332167803,0.0,1.0,1.0,0.12208141667757742,1.0,0.07806649131177652,0.9480546717927552,0.0,1.0,0.0,0.015224974121777889,1.0,0.12492503412746858,1.0,0.012082163683682512,1.0,0.025958692402536017,0.9822001448515766,0.13891680407972057,0.1070861802907108,1.0,0.8304869656902413
10,10,0,0,0,0,1,0,0,0,0,0,0,0,0,0,0,0,0,0,0,0,0,0,0,0,0,0,0,0,0,0,0,0,0,0,0.9185454949448567,0.0,0.8130755602664016,0.21686865686005743,0.0,0.0,0.001501360326194378,1.0,0.0,0.07756623501808778,0.04185045922447993,0.06604218154170988,0.07470781011357762,0.14739244417463715,0.9050463971155305,0.18152103266320369,0.0,0.09335006038809522,0.0,0.0,0.9809878300362315,0.07031641888440722,0.0,0.9917500245916152,0.0,1.0,0.0,0.8159994572130413,0.014764203637614394,0.9996512812596239,0.004601485259255122,0.0,0.946736517834045,0.1472274015575551
10,30,0,0,0,0,1,0,0,0,0,0,0,0,0,0,0,0,0,0,0,0,0,0,0,0,0,0,0,0,0,0,0,0,0,0,1.0,0.0,1.0,0.0,0.0,0.0,0.0,1.0,0.0,0.0,0.0,0.0,0.0,0.0,1.0,0.2330326661401939,0.056995855306565237,0.06731471516363022,0.0,0.0,1.0,0.0,0.004722260171452702,0.9090434508856183,0.0,0.9400833109574211,0.0,0.9522952871903512,0.0,1.0,0.0,0.0027442627771336434,0.9977406486809508,0.0
10,60,0,0,0,0,1,0,0,0,0,0,0,0,0,0,0,0,0,0,0,0,0,0,0,0,0,0,0,0,0,0,0,0,0,0,0.9680187031928614,0.0,1.0,0.0,0.0,0.23007801780159456,0.0,1.0,0.03665698057748964,0.051259297754892866,0.0,0.0798957101343736,0.0,0.0,0.89821735775587,0.0,0.0,0.0,0.0,0.0380914993394838,1.0,0.0,0.11119240671338047,0.9667706291475189,0.0,0.968365582090468,0.10469418973531344,1.0,0.13601191577940078,0.8803656715192765,0.09340907800974294,0.0,1.0,0.013988788677716935
11,0,0,0,0,0,0,0,0,0,0,0,0,0,0,0,0,0,0,0,0,0,0,0,0,0,0,0,0,0,0,0,0,0,0,0,0.03269620858579167,0.991688555492238,1.0,0.0,0.05046632480726185,1.0,0.0,0.879949756710109,0.0,0.0,0.0,0.0,1.0,0.0,0.1388225791173274,0.0,1.0,0.0,0.9024732601538766,0.9732510681778116,0.9096956011817594,0.0,0.0,1.0,0.038846355081410336,0.09456356079199865,1.0,0.14875462855753316,0.0,0.17526602796716118,0.0,0.8798237249399878,0.8766220946962546,1.0
11,10,0,0,0,0,0,0,0,0,0,0,0,0,0,0,0,0,0,0,0,0,0,0,0,0,0,0,0,0,0,0,0,0,0,0,0.0,0.9523360792534643,0.8909588585946631,1.0,1.0,1.0,0.9888750555637307,0.0,0.0,0.9657083720815867,1.0,0.0,0.9668620563565246,0.9327296481274696,1.0,0.06297130617746646,0.0,0.05843752199139988,0.0,1.0,1.0,0.0,0.03943685517260556,0.9234806469580361,0.14306060355824202,0.02694902613809852,1.0,0.02268856541600901,0.0,0.08561381158927746,0.07533664270732188,0.0,1.0,0.1764202190569895
11,30,0,0,0,0,0,0,0,0,0,0,0,0,0,0,0,0,0,0,0,0,0,0,0,0,0,0,0,0,0,0,0,0,0,0,0.10671166936667197,0.9884421040660334,1.0,1.0,0.9247110801929751,1.0,1.0,0.0,0.0,0.9943942705964883,1.0,0.007617057156211979,1.0,1.0,1.0,0.012290372343927047,0.0,0.05047645792226091,0.0,1.0,0.9076110487573068,0.11770286027241535,0.0,1.0,0.0,0.08627695969912647,0.9836254282011629,0.017070308710843,0.005804715053843289,0.0,0.0,0.0634369749982228,1.0,0.0
11,60,0,0,0,0,0,0,0,0,0,0,0,0,0,0,0,0,0,0,0,0,0,0,0,0,0,0,0,0,0,0,0,0,0,0,0.0,0.9078111308812681,0.9117228688878161,1.0,0.885315689427633,0.883495901578162,0.9413526740023387,0.015246128735846035,0.030291986416196987,0.8710336200113109,1.0,0.0,1.0,1.0,1.0,0.08707374534922548,0.03676638579101726,0.21364168102219896,0.0,1.0,0.9608095694393853,0.016697055303075144,0.0,0.8282880682054956,0.0884329684570882,0.0,1.0,0.0,0.0,0.0,0.0,0.0,1.0,0.1571540879488399
12,0,0,0,0,0,0,0,0,0,0,0,0,0,0,0,0,0,0,0,0,0,0,0,0,0,0,0,0,0,0,0,0,0,0,0,1.0,0.1808176153956028,0.9860278723724709,0.8781051796443599,0.0006255046703437776,0.10462553987584543,0.09858288769222286,0.052932343747074034,0.0,1.0,0.0,0.0,0.9458445134236253,0.0,0.9124850017695976,1.0,0.0,0.0,0.0,1.0,0.0,1.0,1.0,0.1011439594835089,1.0,1.0,1.0,0.9631271747346645,0.08750955478612114,0.04747007609263483,0.7972366331622254,0.8083866882827149,1.0,0.0
12,10,0,0,0,0,0,0,0,0,0,0,0,0,0,0,0,0,0,0,0,0,0,0,0,0,0,0,0,0,0,0,0,0,0,0,0.13822939749674432,0.0,1.0,0.02207976103986435,0.9778154816041625,0.9629966437868295,0.7960926351847457,0.19093222957441505,1.0,0.8985169353116369,0.9851044948787328,0.9520879864693046,0.9592069649720444,0.16954751743688865,1.0,1.0,0.1265286115439657,0.06678214042872892,0.06556464255972243,1.0,0.03561278991697822,0.9907834497349983,0.978336099867551,0.0,0.7768417594484918,0.8211822743843933,0.9550205004837091,1.0,0.09767539185653082,0.0,1.0,1.0,0.8838752865727109,0.0008152682517058807
12,30,0,0,0,0,0,0,0,0,0,0,0,0,0,0,0,0,0,0,0,0,0,0,0,0,0,0,0,0,0,0,0,0,0,0,0.0,0.20219309276225417,0.8603852741095509,0.0,0.9223123000769546,0.8534541789855408,1.0,0.015721744877236397,1.0,0.9691100174085363,0.9948804652718647,0.9781873288568216,1.0,0.17320078792176116,0.8690527624072044,1.0,0.0,0.0,0.0,1.0,0.003972081702894645,0.9414591508562675,1.0,0.0,0.8734259335099128,0.959156844251225,0.773913642073082,1.0,0.06031365701810453,0.10934854027017814,1.0,0.9687345089963989,0.9279674825727195,0.06199651204510638
12,60,0,0,0,0,0,0,0,0,0,0,0,0,0,0,0,0,0,0,0,0,0,0,0,0,0,0,0,0,0,0,0,0,0,0,0.0,0.0,0.905141091382408,0.08169151062241452,1.0,0.8755642482665775,1.0,0.1423665392350141,0.9963716194281755,0.9763779214247617,1.0,1.0,1.0,0.07135650868935249,0.8311643364770233,0.7997314822841085,0.0,0.0,0.0,0.9937442107453659,0.0,1.0,0.8732239428544201,0.10265429655152641,1.0,1.0,0.8949343402088887,0.8610867375740536,0.07043534218501543,0.0,1.0,1.0,0.9716489437501262,0.043326465047440615
13,0,0,0,0,0,0,0,0,0,0,0,0,0,0,0,0,0,0,0,0,0,0,0,0,0,0,0,0,0,0,0,0,1,0,0,0.0,0.025420779765741197,0.9483580002470899,0.0,1.0,0.03405048565033417,1.0,0.8127061018356692,0.0,1.0,0.9293137860849028,0.0,0.0,0.0,0.0,0.004152489007167158,0.1391867108274415,0.14343362609110363,0.0,0.0,0.0,0.8731482117128926,0.8048275131455952,0.0314312424622815,0.9892974258651759,0.9593435316890236,0.0,1.0,0.9634644647830011,0.019582679725174086,1.0,1.0,0.9271787894397059,0.0
13,10,0,0,0,0,0,0,0,0,0,0,0,0,0,0,0,0,0,0,0,0,0,0,0,0,0,0,0,0,0,0,0,1,0,0,0.964185281725467,0.0,1.0,0.0,0.006680942282306652,0.0827169502288126,0.0,0.9637592895356157,1.0,0.9073016693503916,0.9092511981986894,0.9664066823969283,0.011493642852799238,0.14935521898334184,0.0,0.0,0.1246660976797497,0.0,0.0,0.016199888106824874,0.07358718768330512,0.9078808457980528,0.879534832544532,0.15918558276129943,0.9523275136594483,0.9744815277143405,0.09314378483638878,1.0,1.0,0.0,0.7784370074960627,0.926884670767311,0.9738824378340357,0.0
13,30,0,0,0,0,0,0,0,0,0,0,0,0,0,0,0,0,0,0,0,0,0,0,0,0,0,0,0,0,0,0,0,1,0,0,0.8298792021799261,0.08595782747480754,1.0,0.0,0.011037939741600866,0.032813039876990975,0.0,1.0,1.0,1.0,1.0,0.9429109899394986,0.006023176413720809,0.15617929589225021,0.11325864767785854,0.0,0.012563461128983378,0.0,0.06521306456361362,0.019477503059202754,0.0,1.0,0.8196547272142896,0.12735347820112405,0.8758641603253255,0.9658576427205658,0.03495200657472282,0.9048607009449282,1.0,0.027059099872491096,0.9971076371615031,0.9529058894468703,1.0,0.0
13,60,0,0,0,0,0,0,0,0,0,0,0,0,0,0,0,0,0,0,0,0,0,0,0,0,0,0,0,0,0,0,0,1,0,0,1.0,0.026636544417263326,1.0,0.014221729503527928,0.11109438988306251,0.0,0.0,0.9205566503952527,0.9989617305988048,0.8543452616599404,1.0,0.8441662866920601,0.0,0.0,0.11583864104627967,0.0,0.015452128901462726,0.0,0.019999637786759936,0.0,0.12150533708556024,0.9272644816840857,0.9328688259138838,0.14815148029005062,0.903494188881921,0.910453217468683,0.10539474666954007,1.0,1.0,0.0,1.0,0.9770614644932348,0.9246588753537194,0.0
14,0,0,0,0,0,0,0,0,0,0,0,0,0,0,0,0,1,0,0,0,0,0,0,0,0,0,0,0,0,0,0,0,0,0,0,0.18571846682010268,0.9118239018199001,0.07273040318554706,0.010064825184904327,0.0,0.0,0.02033003440206974,0.0,0.9516627286648947,0.9108141356285933,0.1217691028345703,0.053127129114945604,1.0,0.9532599538740351,0.1245111228582982,1.0,0.020935156910187422,0.9677360791490319,0.1761799772639423,0.020531393030541592,1.0,0.16060974734680541,0.0,0.09135247556632053,1.0,1.0,0.9409386536390132,1.0,1.0,0.0,0.045026925139499484,0.8508342077330262,0.0,0.9976906643613216
14,10,0,0,0,0,0,0,0,0,0,0,0,0,0,0,0,1,0,0,0,0,0,0,0,0,0,0,0,0,0,0,0,0,0,0,1.0,1.0,0.9145048462383483,0.0,0.0,1.0,0.7292384744833394,0.08928410106111268,0.9384693301795233,0.9509597559812181,0.9074549384636339,1.0,1.0,0.10555757794559972,0.9733983284727584,0.9370733614671818,1.0,1.0,1.0,0.06298522906085136,0.0,0.1066864351227964,0.0,0.0012260382610296378,1.0,0.8377469970835745,1.0,1.0,0.9683921215247921,0.0,0.16921565558509924,0.012485593050753883,0.10390197994429809,0.0
14,30,0,0,0,0,0,0,0,0,0,0,0,0,0,0,0,1,0,0,0,0,0,0,0,0,0,0,0,0,0,0,0,0,0,0,0.9652660872131444,1.0,1.0,0.055786192567000785,0.0,1.0,0.9689200870488308,0.015165424638688944,1.0,0.9708864449069532,0.8531682283751366,1.0,0.9854576846193037,0.0,0.8492190220926324,0.9985093196176861,1.0,1.0,0.8607859384131413,0.0,0.11920397798279388,0.0,0.010010821432716269,0.0,1.0,1.0,1.0,1.0,1.0,0.08922854151719155,0.0,0.0,0.0,0.0
14,60,0,0,0,0,0,0,0,0,0,0,0,0,0,0,0,1,0,0,0,0,0,0,0,0,0,0,0,0,0,0,0,0,0,0,0.9172837958690616,0.8823477906580556,1.0,0.12057649739053618,0.0,0.8957409071473533,1.0,0.0,1.0,1.0,0.9707396133877447,1.0,1.0,0.19541693496395166,0.9602887996503662,1.0,0.9007801511960163,0.9511096020582078,0.9920382471032884,0.0,0.07578661847933911,0.0,0.0,0.0,1.0,1.0,1.0,0.8496935170532826,1.0,0.0,0.04994534102754318,0.0,0.0,0.0
15,0,0,0,0,0,0,0,0,0,0,0,0,0,0,0,0,0,0,0,0,0,0,0,0,0,1,0,0,0,0,0,0,0,0,0,0.7790056581502851,0.9673659485327397,1.0,0.0077117322927503125,1.0,0.9106466457208406,0.8919182937381407,0.043108217053147546,0.0,1.0,0.9719092882271423,0.0,0.06904794829058007,1.0,0.04962505891947317,0.0,0.029690041473931672,1.0,0.8804606219604103,0.0,0.9664283431184171,0.7930611062538715,0.033155942203487776,0.22914049197890637,1.0,0.07832506835869693,0.974145542446626,0.23047736503080435,0.0,0.09840213534177289,1.0,0.0792540416200512,0.0,0.7884049480993541
15,10,0,0,0,0,0,0,0,0,0,0,0,0,0,0,0,0,0,0,0,0,0,0,0,0,1,0,0,0,0,0,0,0,0,0,0.8936284401868443,0.970331246893819,1.0,0.11282992491456237,0.0,0.9435580260722742,1.0,0.0,1.0,0.9108754426939245,0.9560144063847449,0.8904612978452848,0.0,0.0,1.0,0.0,1.0,0.9950301685541839,0.9171288786317897,0.0,0.0,0.8738761095592669,0.0,0.0,1.0,0.05170824205832292,1.0,0.023881155035808233,0.0,0.0,1.0,0.8478618371472291,0.0,0.021871361458865604
15,30,0,0,0,0,0,0,0,0,0,0,0,0,0,0,0,0,0,0,0,0,0,0,0,0,1,0,0,0,0,0,0,0,0,0,0.8868775772476345,0.9802432123521344,1.0,0.0,0.005683158283183355,0.9157515656574655,0.9324362585286967,0.0,1.0,1.0,1.0,0.9074601698547191,0.0,0.0,1.0,0.0,0.9174824579608394,1.0,1.0,0.0,0.16635764114914856,1.0,0.0,0.0,1.0,0.0071200982296745685,1.0,0.0,0.0,0.10771210197589892,0.9758856500017017,0.994400219474376,0.0,0.0
15,60,0,0,0,0,0,0,0,0,0,0,0,0,0,0,0,0,0,0,0,0,0,0,0,0,1,0,0,0,0,0,0,0,0,0,0.9681863955578018,1.0,0.9024037089353416,0.10196743270843184,0.014667742463365564,0.8940361504523309,0.9520065385170595,0.0,0.9047971065216589,1.0,0.9551069465134293,1.0,0.0,0.0,0.8886096550891548,0.17579854902873937,1.0,0.9721450236187793,0.977483730795434,0.02989130030791747,0.043625500171851364,1.0,0.05136334506255892,0.11569930978808836,1.0,0.01616108664461059,0.9193552745451655,0.1195228632419336,0.0,0.0,1.0,0.9855976375589044,0.1520613855217223,0.0249855079322978
16,0,0,0,0,0,0,0,0,0,0,0,0,0,0,0,0,0,0,0,0,0,0,0,0,0,0,0,0,0,0,0,0,0,0,0,0.11839035206088311,0.060711203454411514,0.02298855040778176,1.0,0.9417392266825739,0.9918482853739023,0.00860850620229029,1.0,0.07771571167341684,0.0,0.010442900555242355,0.9330684970856402,0.9742642058693712,0.06864517180966671,1.0,0.10030733141719966,0.7624379461900415,0.02182046082337553,0.0,1.0,0.9408842818634482,0.1465121677342309,0.0,0.8604397107331283,0.7383550843306282,0.00968047983827075,0.0,0.14777699796018648,0.02051705380281875,0.0,0.0029256446576747825,0.0,1.0,0.08283764468411593
16,10,0,0,0,0,0,0,0,0,0,0,0,0,0,0,0,0,0,0,0,0,0,0,0,0,0,0,0,0,0,0,0,0,0,0,0.0,0.12529403776012338,0.9728083194909233,0.0,1.0,1.0,1.0,0.016860464423590692,0.0,0.2871483126833272,0.13769057298967366,0.0,1.0,0.0,1.0,0.38627297960738255,0.010281374814493132,0.0,0.08932761006890337,0.9747964750986874,0.9341482384635906,0.0,0.0,1.0,1.0,0.10897631338835363,0.0,0.0017397850874659743,0.0,0.0,0.0,0.0,0.9185095080480226,0.0
16,30,0,0,0,0,0,0,0,0,0,0,0,0,0,0,0,0,0,0,0,0,0,0,0,0,0,0,0,0,0,0,0,0,0,0,0.046776993398095434,0.0,0.8081116276616218,0.0,1.0,0.939417218711444,1.0,0.0,0.0,0.007131272072881051,0.06568376655948337,0.04781863827116177,0.9677608852320293,0.0,0.9134649899649355,0.15685334672911377,0.0,0.04171197449733041,0.0,1.0,0.8269455922564878,0.0,0.0042268803835849664,1.0,0.9755533725896558,0.07026686433553662,0.0,0.0,0.0,0.04888035557140115,0.0,0.0,0.8026567716389519,0.03090942544502333
16,60,0,0,0,0,0,0,0,0,0,0,0,0,0,0,0,0,0,0,0,0,0,0,0,0,0,0,0,0,0,0,0,0,0,0,0.0,0.0,1.0,0.0,0.9073948778854658,0.9050953808222812,1.0,0.05797836402088666,0.004443750963048466,0.0,0.0,0.0,1.0,0.0,1.0,0.0,0.0,0.0,0.0,1.0,0.9656323579334245,0.0186688204596351,0.1900462879760069,1.0,1.0,0.026018350291167936,0.0,0.0,0.02181907693168908,0.0,0.0,0.046052036938741145,0.977539511114229,0.0020612838281927233
17,0,0,0,0,0,0,0,0,0,0,0,0,0,0,0,1,0,0,0,0,0,0,0,0,0,0,0,0,0,0,0,0,0,0,0,0.06707645767002583,0.8781776407761518,0.9494283916635545,1.0,0.8279826546044126,1.0,0.0,0.09574364813797209,0.022563393284124628,0.0,1.0,0.9248142835741813,0.8928752968720108,1.0,0.9541588874883609,0.9882944556679713,0.9158746749880895,0.8758257104865295,1.0,0.9364949505134472,0.010873358647295514,1.0,0.9678935793783948,0.0,0.03350777257162677,0.08038177644430738,0.0,0.0,0.9914959947012286,0.10195654026998774,0.14070743198230384,0.0,0.0,0.9732376276673832
17,10,0,0,0,0,0,0,0,0,0,0,0,0,0,0,1,0,0,0,0,0,0,0,0,0,0,0,0,0,0,0,0,0,0,0,0.0,1.0,0.9890222591445639,1.0,0.9309810728832458,0.9553854221993024,0.9085968803836475,0.0,0.9036390717340785,1.0,1.0,0.8197080391330847,0.9541749071382357,1.0,1.0,0.9984385172212722,0.8561334239680759,1.0,0.8223126269809682,0.9131536089004001,0.13942444004316717,1.0,0.910202725808774,0.018863388568990655,0.0,0.0,0.0,0.12010594495132494,0.8839530009209701,0.08562377809385532,0.0,0.026230079377215165,0.10809243578977784,0.11146541566655002
17,30,0,0,0,0,0,0,0,0,0,0,0,0,0,0,1,0,0,0,0,0,0,0,0,0,0,0,0,0,0,0,0,0,0,0,0.10888323792529551,0.9703462099574485,1.0,0.873064800002159,0.8982232776921275,0.9785001908789941,0.9225175808592769,0.0,1.0,0.9743855409919998,0.8650161583331251,0.9560902148242479,1.0,1.0,1.0,1.0,1.0,0.8557128237854923,0.9866713454990358,1.0,0.03590830298243191,1.0,0.988469107498168,0.0,0.009010434739442108,0.0,0.0,0.07061077895432827,1.0,0.0,0.0,0.055629820607979434,0.11671534317229232,0.0
17,60,0,0,0,0,0,0,0,0,0,0,0,0,0,0,1,0,0,0,0,0,0,0,0,0,0,0,0,0,0,0,0,0,0,0,0.026061935205293613,0.950735363757997,0.7903490798159435,0.9071826934870675,0.9725824989473265,1.0,1.0,0.08873545751688873,1.0,1.0,1.0,0.9089931829318034,1.0,0.9345705856396087,0.9640204667070907,0.9732374230086064,0.8610800336323835,0.9456405950905361,0.8638609989660053,1.0,0.0,0.9575543524711004,0.9682484269393226,0.12775608089612797,0.0,0.09503070460738877,0.0,0.0,0.9580270629151723,0.0,0.03136544127731538,0.0,0.017500327984912408,0.1351040887868943
18,0,0,0,0,0,0,0,0,0,0,0,0,0,0,0,0,0,0,0,0,1,0,0,0,0,0,0,0,0,0,0,0,0,0,0,0.0,0.1936750556401864,1.0,0.9387028317588632,1.0,0.9199860604663888,0.0,0.9549864170280555,1.0,1.0,0.9696201927606733,0.944221394179183,0.0,0.0,0.0,0.0,1.0,0.0,1.0,1.0,0.0,1.0,0.0434392548277934,0.05857369482139324,0.06008563322226364,0.0,0.12815700962028972,0.0,0.1457912490987467,0.9942169675868705,1.0,0.145048254175657,1.0,0.06576789004963554
18,10,0,0,0,0,0,0,0,0,0,0,0,0,0,0,0,0,0,0,0,1,0,0,0,0,0,0,0,0,0,0,0,0,0,0,0.017546597970300275,0.13042997920468577,1.0,0.0,0.9820594004878623,1.0,0.9908275584145811,0.08783441630615979,0.06269764814170604,0.0,0.0,0.0,0.0,0.014941257966732424,0.9995030266240542,0.0,0.0,0.18935527588992113,0.0,0.9890629210310362,0.0,0.9906125480382119,0.20888550096228964,0.17316547822066938,0.13441618420724055,0.11848656164447945,0.0,0.0,0.0,0.8141207987923652,1.0,0.9041949398046822,1.0,0.0
18,30,0,0,0,0,0,0,0,0,0,0,0,0,0,0,0,0,0,0,0,1,0,0,0,0,0,0,0,0,0,0,0,0,0,0,0.025851003604832917,0.0,1.0,0.0491451562896289,0.9361502831500593,0.9876643505256775,0.9268850896653826,0.0,0.13586298125974147,0.1126022930084957,0.0,0.18236909529637402,0.0,0.0820751500859483,1.0,0.011144723070813593,0.0,0.0,0.0,1.0,0.0,1.0,0.08392199080225309,0.0,0.0,0.07039319865483477,0.08082399425855755,0.09687146280948233,0.0,1.0,0.9677976168112867,1.0,1.0,0.0254369513336495
18,60,0,0,0,0,0,0,0,0,0,0,0,0,0,0,0,0,0,0,0,1,0,0,0,0,0,0,0,0,0,0,0,0,0,0,0.11459338537285775,0.17486267797139857,0.8626441162763264,0.05778059068088557,1.0,0.9154762798375866,1.0,0.0,0.0,0.0,0.0,0.0,0.05161378714978907,0.07368449279996603,1.0,0.11797043406143062,0.0,0.0,0.05588673909946721,1.0,0.12596003275804915,1.0,0.0,0.06329762774831121,0.03966203036450194,0.0,0.16457219031741313,0.0,0.00016471197578613866,0.8719015146536013,1.0,0.8980216972946877,1.0,0.0
19,0,0,0,0,0,0,0,1,0,0,0,0,0,0,0,0,0,0,0,0,0,0,0,0,1,0,0,0,0,0,0,0,0,0,0,0.8787745599342033,0.9677482832294518,1.0,0.032995966215085534,0.0,1.0,1.0,0.06986491449407495,0.9533304260527827,1.0,1.0,1.0,0.0,0.0,0.8819103715666224,0.8988291230000744,0.9188573708711973,1.0,0.0,0.0,0.9618349719989375,0.9691405273675344,0.13072702810547374,0.9412463874425292,0.0451035279356137,0.8304803472338258,0.010050167695249853,0.9834090545597904,0.03608739743086042,1.0,0.07380476222336016,0.0,1.0,1.0
19,10,0,0,0,0,0,0,1,0,0,0,0,0,0,0,0,0,0,0,0,0,0,0,0,1,0,0,0,0,0,0,0,0,0,0,1.0,0.8844923371437283,0.9926378002438995,0.017077421628082994,0.08468106302960586,0.8755240137031619,0.8263640575224972,0.0,1.0,0.9839863441726756,0.8886565418397251,1.0,0.0,0.0,1.0,0.9787368091293317,0.9932149033554505,1.0,0.9761684757154534,0.07044640635178255,0.8693538960862575,1.0,0.020010115250226918,0.9803960220812094,0.0,1.0,0.06308206431155343,0.933646735952374,0.0,1.0,0.0,0.015978881775166286,0.90892693795272,0.0
19,30,0,0,0,0,0,0,1,0,0,0,0,0,0,0,0,0,0,0,0,0,0,0,0,1,0,0,0,0,0,0,0,0,0,0,0.9873778110237921,1.0,0.9401429334260583,0.06119532333985376,0.0,1.0,1.0,0.09450988037202535,0.9613143635949163,1.0,0.8295326747675078,0.8033053027445275,0.017121188776920794,0.03192910563380776,1.0,0.9325944487932161,0.9724184724082535,1.0,0.8775049192921436,0.05402672707342308,1.0,1.0,0.07625574107673631,0.9986980350875423,0.01370469650787595,1.0,0.0,1.0,0.0,1.0,0.007406691025831829,0.06663138730411006,1.0,0.0
19,60,0,0,0,0,0,0,1,0,0,0,0,0,0,0,0,0,0,0,0,0,0,0,0,1,0,0,0,0,0,0,0,0,0,0,0.8936688606438568,0.9971362002390572,0.9638546494713455,0.03882342390296292,0.09732741578751031,1.0,1.0,0.18712069251733845,1.0,1.0,0.9918188314727656,0.99574876575245,0.05385107618128818,0.0,0.7737784917730027,0.9085385126234551,1.0,1.0,0.8460466197532583,0.0,0.9336118854977918,1.0,0.0,0.9596732347588726,0.0,0.942833381330925,0.037725949254448,0.9060600380745157,0.010921761106957759,1.0,0.2568346900797295,0.0,0.9202940423490206,0.054310364467923436
20,0,0,0,0,0,0,0,0,0,0,0,0,0,0,0,0,0,0,0,0,0,0,0,0,0,0,0,0,0,0,1,0,0,0,0,1.0,0.12225739786758422,0.06970529382277436,0.004959758101237041,0.9372681653921103,1.0,0.2114928785981358,0.04647830579808693,0.10179375463271974,0.8886651722538025,0.0,0.105824307359798,1.0,0.0,0.04061879946191335,1.0,1.0,1.0,0.0,0.0,1.0,1.0,0.042165465823036374,0.9101985115684513,1.0,0.9501247283065429,0.9350118003340582,0.08952633613817042,0.8882943212917725,1.0,0.01458398083392462,1.0,0.0,0.1570128923139425
20,10,0,0,0,0,0,0,0,0,0,0,0,0,0,0,0,0,0,0,0,0,0,0,0,0,0,0,0,0,0,1,0,0,0,0,1.0,0.03708068224192078,0.9596988026536224,0.07112758887072727,0.0825758038233747,0.9901868137522694,1.0,0.03564246543624741,1.0,1.0,0.8451157370358877,0.980277961694988,1.0,0.15586964486723504,0.9607856667616241,0.9470421207248632,1.0,0.9593478458458565,0.9654632242686381,0.0,0.9963413386385311,0.9073596876764837,0.0,1.0,0.8486326428944214,0.9190400334908206,1.0,0.07852348000772567,1.0,1.0,0.0,0.0,0.0,0.0
20,30,0,0,0,0,0,0,0,0,0,0,0,0,0,0,0,0,0,0,0,0,0,0,0,0,0,0,0,0,0,1,0,0,0,0,1.0,0.0,0.9047764387767963,0.0,0.0,0.9814104772157473,1.0,0.00823934484148009,1.0,0.9314814297056462,1.0,0.9453940519075473,0.8515361282369432,0.0,0.9597011997465791,0.9959368172030436,1.0,0.9695826708797985,0.9041522358237273,0.0,0.9567760170333934,0.8693545803500591,0.09100620012177835,1.0,1.0,0.8982197248223784,1.0,0.17227680524111233,0.9241587859508433,1.0,0.12350524938371671,0.0,0.22119793577725977,0.0
20,60,0,0,0,0,0,0,0,0,0,0,0,0,0,0,0,0,0,0,0,0,0,0,0,0,0,0,0,0,0,1,0,0,0,0,1.0,0.05657537142173313,1.0,0.0,0.025082726024845854,1.0,0.9315379067546241,0.0,1.0,0.7694056166260717,0.877273796155746,1.0,1.0,0.0,0.9680777013753967,1.0,0.7957846677619792,0.9235535706476816,1.0,0.0,1.0,0.9175654646712629,0.0,1.0,0.8522899324683592,1.0,1.0,0.1699907813767314,0.8702016402603484,0.92990612988728,0.0,0.0,0.0,0.0
21,0,0,1,0,0,0,0,0,0,1,0,0,0,0,0,0,0,0,0,0,0,0,0,0,0,0,0,0,0,0,0,0,0,0,0,0.9571149623842934,1.0,1.0,0.9332725379874169,1.0,0.0,0.005127751839508539,0.0,1.0,0.0,0.0,0.8703388965228916,1.0,0.9207347542397242,0.9874363086554336,0.841142883122443,0.034321673804760824,0.05879139703892227,0.0,1.0,0.0,1.0,0.0,0.019814399209763946,0.03130944274183927,0.9669035871646334,1.0,0.08327270341795612,0.8771631058155631,0.8922766525415045,0.0,0.010624979875455506,0.13706136422858925,1.0
21,10,0,1,0,0,0,0,0,0,1,0,0,0,0,0,0,0,0,0,0,0,0,0,0,0,0,0,0,0,0,0,0,0,0,0,0.07591775551795515,0.9706590910922073,0.8750513346092023,0.8863410042000419,0.9173958734662254,0.8151238097436107,1.0,0.0,0.0,1.0,0.9979444411191546,0.02686610839255825,1.0,0.9364391992310803,1.0,0.9233273219373761,0.1734677093054125,0.02537440802520626,0.0013615436997428607,1.0,0.026163641309978808,1.0,0.24496791828932551,0.0,0.08049678612247663,1.0,1.0,0.15087648951732377,0.8873826782527667,1.0,0.03382931264436239,0.08027629537315895,0.0,0.14924320156015145
21,30,0,1,0,0,0,0,0,0,1,0,0,0,0,0,0,0,0,0,0,0,0,0,0,0,0,0,0,0,0,0,0,0,0,0,0.0,1.0,0.9378773104912872,1.0,0.9211860936478994,1.0,1.0,0.12641988338033744,0.10828710709730259,1.0,0.9416309933541196,0.0,1.0,0.8312200955016087,0.7828006134367782,0.9491218068809653,0.0,0.05538427235924951,0.0,0.9090582672912817,0.0,1.0,0.024394461004917947,0.008347331695512154,0.0,1.0,0.8700275080398264,0.022833550913372334,1.0,0.930685117144122,0.0,0.07921984094245535,0.0010080078154311048,0.0
21,60,0,1,0,0,0,0,0,0,1,0,0,0,0,0,0,0,0,0,0,0,0,0,0,0,0,0,0,0,0,0,0,0,0,0,0.14363119141413927,1.0,1.0,0.9531584194809217,1.0,0.9873166490476315,0.9216738214377515,0.0,0.11384655771982771,0.9123762341849075,1.0,0.16192190274190715,1.0,1.0,0.885148607236613,0.8829267147298407,0.12405107615615854,0.0,0.03348411748545315,0.8306335127698498,0.0,0.9553222832321285,0.0,0.06530665289511503,0.0,0.9456162552351033,1.0,0.0,1.0,1.0,0.1277128442478137,0.004173536123510486,0.0,0.08782429990392861
22,0,0,0,0,0,0,0,0,0,0,0,0,0,0,0,0,0,0,0,0,0,1,0,0,0,1,0,0,0,0,0,0,0,0,0,0.0,1.0,0.0,0.0,1.0,1.0,1.0,0.0,0.0,0.028083463703727874,0.0,0.13979728759173382,0.0,1.0,0.9175421288285193,0.0,0.0904713661255539,0.8981616514887146,0.9701973443725906,1.0,0.9742352999988525,0.12166577426707381,1.0,0.9832736709592903,0.9675877815062005,0.0,0.9025485771508412,1.0,0.03326260269507097,1.0,0.8632984279564386,0.9971427646528492,0.19046684249549536,0.950728091500399
22,10,0,0,0,0,0,0,0,0,0,0,0,0,0,0,0,0,0,0,0,0,1,0,0,0,1,0,0,0,0,0,0,0,0,0,0.08109163408575398,1.0,1.0,0.04728492278388616,0.9782408573832359,0.9479243194030093,0.9137504569780371,0.19983111427748668,0.9580496363284149,0.9629003480965393,0.8844804431533713,0.9971815898960463,0.0,0.0,0.9646369335666067,0.0,1.0,0.8852779820862253,1.0,1.0,1.0,0.0,0.9531401990988219,0.8611915217152801,0.8794105949972563,0.0,0.9369291965480152,1.0,0.10922118774705442,0.9313609868916495,1.0,0.9623034304135707,0.0023341291264715853,0.1364570722604603
22,30,0,0,0,0,0,0,0,0,0,0,0,0,0,0,0,0,0,0,0,0,1,0,0,0,1,0,0,0,0,0,0,0,0,0,0.0,0.9258239118872214,0.9886247787348492,0.0,1.0,1.0,1.0,0.07391639919192287,1.0,0.9010266594770491,0.9433544872365327,0.9146800147649852,0.0,0.0,0.989682287072962,0.0,1.0,0.9355870398644235,0.9699698952180197,0.942801011896364,1.0,0.0,1.0,0.9330583856647221,0.9047766251687204,0.0,1.0,1.0,0.1016172940323778,0.8972165961735064,1.0,0.998241839610039,0.026559642919756384,0.0
22,60,0,0,0,0,0,0,0,0,0,0,0,0,0,0,0,0,0,0,0,0,1,0,0,0,1,0,0,0,0,0,0,0,0,0,0.004085252083676796,1.0,1.0,0.06968414252894564,0.8969331870115462,0.8361541499579737,1.0,0.0,1.0,1.0,1.0,1.0,0.0,0.008700068506114664,0.9941412438071715,0.03711666237414069,1.0,0.9132992527570248,1.0,1.0,1.0,0.0,0.8949736717007778,0.9840781161391925,1.0,0.0,1.0,1.0,0.010346210633356901,0.8665587676401176,0.9275962330261383,1.0,0.052017379129854595,0.15426032098478387
23,0,0,0,0,0,0,0,0,0,0,0,0,0,0,0,0,0,0,0,0,0,0,0,0,0,0,0,0,0,0,0,0,0,0,0,0.8547592517889002,1.0,0.9784087311634377,0.02278178123180835,0.8405385512441231,0.15834798571786737,0.9466445221517654,0.9352554080669068,0.09025704008916871,0.0,0.9760794267919493,0.8623149970549463,0.9991576928578321,1.0,0.0,0.0,1.0,0.18374876415821248,0.9733056937525826,1.0,0.9577084832036488,0.01898515626627704,1.0,0.9021061541612765,0.0,1.0,1.0,0.0,0.0,0.0,0.0,0.0,0.1058406348481704,1.0
23,10,0,0,0,0,0,0,0,0,0,0,0,0,0,0,0,0,0,0,0,0,0,0,0,0,0,0,0,0,0,0,0,0,0,0,0.0,1.0,0.7651153069457329,1.0,1.0,1.0,0.8884926888002896,0.0,0.8400734233291092,0.9499111262113038,1.0,1.0,1.0,1.0,1.0,0.0,0.0,0.07329871917068147,0.0627244109543909,0.9074880920966342,0.9755514637581811,0.0,1.0,1.0,0.07286865417262137,1.0,1.0,0.0,0.011012057230538616,0.02286282509203355,0.0,0.0,0.02491331829245405,0.03286012774027935
23,30,0,0,0,0,0,0,0,0,0,0,0,0,0,0,0,0,0,0,0,0,0,0,0,0,0,0,0,0,0,0,0,0,0,0,0.0,1.0,0.9536410464289019,1.0,0.8330394547418261,1.0,1.0,0.028692288409309725,1.0,0.9140505554455027,1.0,1.0,0.9019373227786633,0.9166057162450575,0.9564268583311074,0.0,0.0,0.0569022629372062,0.0,1.0,1.0,0.08884703013156414,1.0,1.0,0.015575807588984714,1.0,1.0,0.0,0.0,0.0,0.0,0.0,0.24169453085106885,0.105053370523149
23,60,0,0,0,0,0,0,0,0,0,0,0,0,0,0,0,0,0,0,0,0,0,0,0,0,0,0,0,0,0,0,0,0,0,0,0.0,0.9038052706661576,0.7460297805896114,0.9009320045419675,1.0,0.9616280055681219,0.9881730544820894,0.017891845337425046,1.0,1.0,1.0,0.8654184939954992,0.9329692864582014,1.0,1.0,0.06345847995260348,0.0,0.06664419989338345,0.0,1.0,1.0,0.0,1.0,0.9250924155860742,0.20073947622531715,1.0,0.9084088915540748,0.07294318546616756,0.041170171000519194,0.0,0.06552319054572958,0.0,0.08965166089797408,0.19057375339958588
24,0,0,0,1,0,0,0,0,0,0,0,0,0,0,0,0,0,0,0,0,0,0,0,0,0,0,0,0,0,0,0,0,0,0,0,1.0,0.07175914474224848,0.9993723114696189,0.8103335303596954,0.974869895783698,0.12657779950687267,0.9943916942567139,1.0,0.9901206891729677,1.0,0.0,1.0,0.0,0.1225664951449371,0.9555423989172201,1.0,0.8371348761832486,0.906530353185039,1.0,0.014754047447357388,0.1549432982551869,0.902609195607355,0.8778472082426221,0.0514493651447059,1.0,1.0,1.0,1.0,0.0,0.9728317540168926,0.965277510404412,1.0,0.13648157667072544,0.0
24,10,0,0,1,0,0,0,0,0,0,0,0,0,0,0,0,0,0,0,0,0,0,0,0,0,0,0,0,0,0,0,0,0,0,0,1.0,0.021957966648711302,0.9264727928792719,0.034342812043038844,0.0,1.0,1.0,0.0,0.9132731413063397,0.992947014168015,0.7620284079938793,1.0,0.0,0.07687680260900205,0.9314609508263604,0.9694432436766407,0.9006955583194194,1.0,1.0,0.02147852774520849,0.07878305468447956,1.0,0.9302598194620971,0.0,1.0,0.8709309798593852,0.8751982305025859,0.9438511168704118,0.015197665498024975,0.9388519749243054,1.0,0.965233549324761,0.07798713098402414,0.00804135037581802
24,30,0,0,1,0,0,0,0,0,0,0,0,0,0,0,0,0,0,0,0,0,0,0,0,0,0,0,0,0,0,0,0,0,0,0,0.9312097553317138,0.0,0.905240180299145,0.21798617849083557,0.0,1.0,0.9933898435514662,0.10349367637382921,0.9121331925865996,0.8717048757844588,1.0,1.0,0.0,0.13159998375564494,1.0,1.0,1.0,0.9657426274007205,1.0,0.0,0.07928609653363641,0.9161138417020684,0.9732650746901329,0.0,0.9401581570126925,0.9897514608485811,1.0,0.9316025046337107,0.0,0.9290871856514706,1.0,0.8529353000460433,0.06882265632560977,0.02292324859364618
24,60,0,0,1,0,0,0,0,0,0,0,0,0,0,0,0,0,0,0,0,0,0,0,0,0,0,0,0,0,0,0,0,0,0,0,0.9777241971295318,0.0,0.8385465348118679,0.0,0.1694738510163559,0.973290216931117,0.9635648535550786,0.0,0.9047136104352564,1.0,1.0,0.9989692141009965,0.0,0.0,1.0,0.9239484869471065,1.0,0.9081085383055822,0.9521617797094268,0.094186617535912,0.10102771835145972,0.9600543372131424,1.0,0.0,1.0,0.9182324688949729,0.9731306052469523,1.0,0.06660205806703075,0.9598776035180174,0.8508232514635785,1.0,0.08543670459995081,0.0
25,0,0,0,0,0,0,0,0,0,0,0,0,0,0,0,0,0,0,0,0,0,0,0,0,0,0,0,0,0,0,0,0,1,0,0,0.0,0.0,1.0,0.0,1.0,0.07993955733255025,0.1115585449917455,0.8413441544157307,0.0,0.12294254188587495,1.0,1.0,0.9356251895167915,0.0,0.9994807325448979,0.07448353312689678,1.0,1.0,0.055265513700340156,1.0,0.8113489268500904,1.0,1.0,1.0,0.9752259908222224,0.11623247640347976,1.0,0.0956002155857678,1.0,0.04906907953342008,0.06892694260417674,1.0,0.8831767871080205,0.9743751054854556
25,10,0,0,0,0,0,0,0,0,0,0,0,0,0,0,0,0,0,0,0,0,0,0,0,0,0,0,0,0,0,0,0,1,0,0,0.12055537930941225,0.0,0.8648793627299581,0.027557883545746155,1.0,1.0,0.912213779747176,0.0,1.0,0.8597317716343862,1.0,0.844301828500426,1.0,0.08715279978153274,0.9201777142952653,0.0,0.8574689389877042,0.7665016500840738,0.9203398930560128,0.984700711172015,0.9118668383708819,0.9722009038229548,1.0,0.9470098443737325,1.0,0.21293743522705744,1.0,0.0,0.9953300901820287,0.17359516402557884,0.036095576997414024,0.0,1.0,0.11823480106393235
25,30,0,0,0,0,0,0,0,0,0,0,0,0,0,0,0,0,0,0,0,0,0,0,0,0,0,0,0,0,0,0,0,1,0,0,0.10723860258582865,0.03273087547579066,1.0,0.19181743637063342,1.0,0.7890009771435622,1.0,0.059569252576000556,1.0,0.9946749649271248,0.8906728287231174,1.0,0.92273468442251,0.0575103221204332,1.0,0.0,0.9043003225259622,1.0,0.9391801015114309,1.0,1.0,1.0,0.8655865877980697,0.9758039570532979,0.9700445779816895,0.0,0.7822255340495756,0.054625344306448526,1.0,0.06499319274464692,0.09858100497225664,0.0,1.0,0.0
25,60,0,0,0,0,0,0,0,0,0,0,0,0,0,0,0,0,0,0,0,0,0,0,0,0,0,0,0,0,0,0,0,1,0,0,0.07150375278041336,0.0,0.9569165981169725,0.0,1.0,1.0,0.92052724690796,0.05540776278826061,0.8956029743816271,0.9068814380390463,1.0,1.0,0.9444593853921501,0.0,1.0,0.22012676250674235,1.0,0.979028627380842,0.9353859487346934,0.9624535147293356,1.0,0.9156564003956065,0.9886975560701209,0.9870398019201393,1.0,0.0,1.0,0.0,0.9946547385902355,0.0,0.0,0.0,1.0,0.0
26,0,0,0,0,0,0,0,0,0,0,0,0,0,0,1,0,0,0,0,0,0,0,0,0,0,0,1,0,0,0,0,0,0,0,0,0.016090409334616612,1.0,0.0,0.0,1.0,0.9838372065441029,0.08808379162662627,1.0,0.03137735551874433,1.0,0.014867121809336135,0.005199555316215374,0.0,1.0,0.8378282885744672,0.8702452108824595,0.9651186772233449,1.0,0.013985572045016945,1.0,1.0,0.0,0.9809629874710435,0.006386771668230984,0.978457394879348,0.9056351188456844,0.016440191070025586,0.0,1.0,0.00795936798680715,1.0,0.0,0.09586836753450877,0.06619443664528017
26,10,0,0,0,0,0,0,0,0,0,0,0,0,0,1,0,0,0,0,0,0,0,0,0,0,0,1,0,0,0,0,0,0,0,0,0.0,0.9210928223440948,0.878973347486786,0.08684766696723721,0.9025000972907424,0.8781657966092773,0.8807760719647919,0.0,0.9438860777419451,1.0,1.0,1.0,0.20224836585732434,0.0,0.9320089248468008,1.0,1.0,1.0,0.9055715909678068,0.8210136955720205,0.0,0.035560607654094405,0.9385847175951786,0.0,1.0,1.0,0.0,0.03183747828341059,1.0,0.0,1.0,1.0,0.08626226849208737,0.0
26,30,0,0,0,0,0,0,0,0,0,0,0,0,0,1,0,0,0,0,0,0,0,0,0,0,0,1,0,0,0,0,0,0,0,0,0.0025918342623532297,1.0,1.0,0.0,0.9424375009750421,0.9913509010423432,1.0,0.0,1.0,0.8595645936444901,1.0,1.0,0.0,0.09922708093724525,0.9115387744197966,0.9279736292914972,1.0,1.0,0.9550708640193335,1.0,0.04388541913272814,0.14163599068023086,0.9418678751678382,0.1145223780456643,0.9109573490330735,0.8119769467348817,0.05948161081648001,0.07308103200744225,1.0,0.083928627360213,1.0,1.0,0.06416852830792992,0.021218270486958048
26,60,0,0,0,0,0,0,0,0,0,0,0,0,0,1,0,0,0,0,0,0,0,0,0,0,0,1,0,0,0,0,0,0,0,0,0.041609911632557436,1.0,0.9103499716422777,0.0,1.0,0.9533835462227955,0.9247660935443519,0.1545447306749717,1.0,1.0,1.0,0.9327543936801261,0.022373028285650482,0.0,0.8701449407751956,1.0,0.9281893829943243,0.8657415599583853,1.0,0.777923424816692,0.028427678975155996,0.0,1.0,0.0,0.9056145749904897,0.995433591890991,0.0,0.0,1.0,0.028372551583554048,0.9077043847203058,0.9365844083974416,0.04440488342948539,0.0
27,0,0,0,0,0,0,0,0,0,0,0,0,0,0,0,0,0,0,0,0,0,0,0,0,0,0,0,0,0,0,0,1,0,0,0,0.0,0.94284369800023,0.8387968324617804,0.8370599468918949,0.0,0.014123246208242457,1.0,0.25885217567675395,0.8716515131059894,1.0,1.0,0.05550117099941002,0.0,0.052557467555406634,0.0,0.10976006615382278,0.0,0.9484482168578658,0.03914599814558164,0.2347254523224457,0.0,0.9205351923942405,0.05095885459695583,0.0,0.9890675095229863,0.0,0.09313109095077379,1.0,1.0,0.18877219283049085,1.0,0.1662712676810627,0.08269417478241997,0.05433695427770986
27,10,0,0,0,0,0,0,0,0,0,0,0,0,0,0,0,0,0,0,0,0,0,0,0,0,0,0,0,0,0,0,1,0,0,0,1.0,0.91517174344894,0.9813079994657551,0.019607558971610706,0.0,0.0,0.0,1.0,1.0,1.0,0.9349798833567362,1.0,0.20662928738882239,0.10768401217146509,0.0,0.0,1.0,0.8284450523495335,0.9969937658977618,0.0,0.022411183589070093,0.9393002488301206,0.0,0.0,0.9740123829363678,0.19255324153083425,0.020098669190090963,1.0,0.943055649153393,0.008540368822926438,0.8749971855006744,1.0,0.03587691615951644,0.06782600641262604
27,30,0,0,0,0,0,0,0,0,0,0,0,0,0,0,0,0,0,0,0,0,0,0,0,0,0,0,0,0,0,0,1,0,0,0,1.0,1.0,1.0,0.003384896957547514,0.0734509936742021,0.0,0.0,0.9510130226628726,0.9937010939163583,1.0,1.0,0.9722053601297033,0.0,0.0,0.0,0.05298615893585883,1.0,0.9743777421677651,1.0,0.028233690012186126,0.03071922707562766,0.9156348034016647,0.07890866356321928,0.10525502818064908,1.0,0.044439743407702535,0.021131797773748615,1.0,1.0,0.0,0.93679656629569,0.8757084855029063,0.12983125955684258,0.14670483852581762
27,60,0,0,0,0,0,0,0,0,0,0,0,0,0,0,0,0,0,0,0,0,0,0,0,0,0,0,0,0,0,0,1,0,0,0,1.0,0.9601749361285442,0.9727987338328257,0.015818252796510137,0.0,0.0,0.03982137140950088,1.0,1.0,1.0,1.0,0.873716352956355,0.07025876317052489,0.0,0.07242250868839581,0.10922394478500702,0.886560724156494,0.9276521443346964,0.9096023792461945,0.007895962983079197,0.0,0.9504235272560067,0.04209731994117244,0.04298917181811701,1.0,0.0,0.0,1.0,0.9206275827791236,0.0,1.0,0.9852159102947261,0.0,3.090303572798838e-05
28,0,0,0,0,0,0,0,0,0,0,0,0,0,0,0,0,0,0,1,0,0,0,0,1,0,0,0,0,0,0,0,0,0,0,0,0.7788745608075165,0.054671922419085854,0.9150223488539329,0.0,1.0,0.057365814618693514,0.1444203174077343,0.0,0.0,0.026206116024710086,0.934083090351656,0.8886042059909568,0.09088536822363559,1.0,0.09942602828840595,0.14360047463850387,0.0,1.0,0.9835116672793575,0.043010569187778534,0.0,1.0,1.0,0.7954419840668622,0.8742320110104791,1.0,1.0,0.9724722494204353,0.9847318861153673,1.0,0.954116844428878,0.16538508177290562,0.0,0.06857747148439267
28,10,0,0,0,0,0,0,0,0,0,0,0,0,0,0,0,0,0,1,0,0,0,0,1,0,0,0,0,0,0,0,0,0,0,0,0.9506873408595597,0.0,1.0,0.0,0.07054009091420069,1.0,1.0,0.0,0.835733571798884,0.9455519572562436,1.0,1.0,0.06007401374814576,0.0,1.0,0.022596335155869424,0.8921560747062953,1.0,1.0,0.0,1.0,0.966647944708523,0.8888592142311841,1.0,1.0,0.9664103875363942,1.0,1.0,1.0,0.8979396499817476,0.9173140874885046,1.0,0.08624331296039595,0.0
28,30,0,0,0,0,0,0,0,0,0,0,0,0,0,0,0,0,0,1,0,0,0,0,1,0,0,0,0,0,0,0,0,0,0,0,1.0,0.15121405086405906,0.9159472814497747,0.056140218104062146,0.09065792260485647,0.9982292546955518,1.0,0.0007312641648082114,0.9123471058997901,0.9482708044864241,0.9441145646954604,1.0,0.0,0.0382755785723895,0.88079430041658,0.0813211856004693,1.0,0.9766772013532079,0.9797295189735677,0.0848615254605781,0.917531238941193,0.916135660496328,1.0,0.8473787737221364,1.0,0.8732418323053729,1.0,1.0,1.0,0.8945322948127236,0.8886745612554762,0.9780635339281462,0.0,0.0
28,60,0,0,0,0,0,0,0,0,0,0,0,0,0,0,0,0,0,1,0,0,0,0,1,0,0,0,0,0,0,0,0,0,0,0,0.9127808983870989,0.0,0.9772552711031014,0.12691122260832827,0.0,0.9594030525677248,0.9557727027063732,0.0,1.0,0.8614327979559062,0.9572342778561554,0.8883692293319637,0.12828794779324532,0.0,1.0,0.0,1.0,0.9862356670890835,0.8669811278296481,0.24781489596600817,1.0,1.0,0.8883205779937865,0.9787244330184653,1.0,1.0,1.0,1.0,0.930913842469956,1.0,0.90146902561445,1.0,0.0,0.001890616976693159
29,0,0,0,0,0,0,0,0,0,0,0,0,0,0,0,0,0,0,0,0,0,0,0,0,0,0,0,0,0,0,0,0,0,0,0,0.013461159160201897,1.0,0.039033873423091406,0.15665487184982074,0.8908097161003534,0.9935937033094926,0.9284747467093333,0.07900766156084645,0.9275676295369204,1.0,0.0,0.9846873219576731,0.7833253368691186,0.0,0.05092732610327805,1.0,0.0,0.963692936839191,0.9634880141243977,0.9810078615682641,0.06867035990621151,0.0,0.0,1.0,0.003276337312882303,0.9517027646635763,1.0,0.0,0.10044696963308007,0.044627341907642205,0.0,0.8409399776137754,0.044210735654711925,0.9410651579637557
29,10,0,0,0,0,0,0,0,0,0,0,0,0,0,0,0,0,0,0,0,0,0,0,0,0,0,0,0,0,0,0,0,0,0,0,0.0,1.0,0.6992263528373834,1.0,0.9414563521847572,1.0,0.9047753054211845,0.06806551187111773,1.0,0.9562146073728892,1.0,1.0,0.8853001160512577,0.9761694595163952,0.9870093354252628,0.9845031182650162,0.9686365517357878,0.952522132609614,0.9172170658455353,0.9811902804790162,0.9413808270548873,0.0,0.015740436100283015,0.7090023295735292,0.0,1.0,0.992516676713869,0.06630780009137235,0.0,0.04562358532919882,0.07444656539652515,0.0,0.0,0.10965492491840415
29,30,0,0,0,0,0,0,0,0,0,0,0,0,0,0,0,0,0,0,0,0,0,0,0,0,0,0,0,0,0,0,0,0,0,0,0.0,0.9232239843764583,1.0,0.8210469493751487,0.9952891677957029,0.8956949107589947,1.0,0.0,1.0,1.0,0.9274509889706072,1.0,0.9076612596386007,1.0,1.0,0.9895420667905126,0.9868593486518163,1.0,1.0,0.9444205435337643,1.0,0.0,0.0,1.0,0.0,1.0,1.0,0.0,0.0,0.0,0.09092219074435237,0.0,0.047591366298696765,0.0
29,60,0,0,0,0,0,0,0,0,0,0,0,0,0,0,0,0,0,0,0,0,0,0,0,0,0,0,0,0,0,0,0,0,0,0,0.07398525557957339,1.0,1.0,0.9552001131386695,0.9967338441520136,1.0,0.881002555186105,0.06501665821996838,0.9384037469586782,0.9815838546726379,1.0,0.967471913139636,0.962363555687716,1.0,0.968393104376852,0.8465725476751921,0.8844602154815426,1.0,0.9303004021708146,0.9808804125971214,1.0,0.0,0.0,1.0,0.1338148842876591,1.0,1.0,0.0,0.0,0.0,0.0,0.17722204667315836,0.05900386021532477,0.0
30,0,0,0,0,0,0,0,0,0,0,0,0,0,0,0,0,0,0,0,0,0,0,0,0,0,0,0,0,0,0,0,0,0,0,0,0.0,0.0,0.0,0.9728000074887545,0.0,0.20427648888808803,1.0,0.0,0.1314296068470798,0.9799765417242505,0.11459266272832638,0.11327617325230624,0.9912631446721397,0.0,1.0,0.17696082372783373,0.10403253279139679,1.0,0.9447215683223287,0.13038631929282507,1.0,0.0,0.0,0.13716732621103736,0.0,0.0,0.0,0.9736424573946462,0.0,0.0,1.0,0.926624822052988,0.8153217632871925,0.07447697085835853
30,10,0,0,0,0,0,0,0,0,0,0,0,0,0,0,0,0,0,0,0,0,0,0,0,0,0,0,0,0,0,0,0,0,0,0,1.0,0.13510321678137147,0.895624123953983,0.07676345911206622,0.03576255084674739,0.0,0.0007881706643345874,1.0,0.9154809229033084,1.0,0.9862703668666651,1.0,0.8696019691221307,0.0,0.04615069920852725,0.05195106488123194,1.0,0.8778279671059288,1.0,0.0,0.10496273484258511,0.0,0.0,0.0,0.0,0.0,0.05500184046135314,1.0,0.0604849422608754,0.0,1.0,1.0,0.9383899047636249,0.9509430353778384
30,30,0,0,0,0,0,0,0,0,0,0,0,0,0,0,0,0,0,0,0,0,0,0,0,0,0,0,0,0,0,0,0,0,0,0,1.0,0.0,0.9854465466534786,0.0,0.0,0.09147738208912748,0.010642093840214042,0.947195402023894,1.0,1.0,1.0,0.9008285942116947,1.0,0.023540124673199176,0.0,0.0,1.0,1.0,1.0,0.0,0.0,0.0,0.07400744068521992,0.03925646003184825,0.0,0.010046708114554935,0.0,0.7765031867630486,0.0,0.09076148646891538,1.0,0.9288614629034556,1.0,1.0
30,60,0,0,0,0,0,0,0,0,0,0,0,0,0,0,0,0,0,0,0,0,0,0,0,0,0,0,0,0,0,0,0,0,0,0,1.0,0.1180912997772736,1.0,0.0,0.0,0.13245278277916292,0.10341027646765744,0.9850724403971044,1.0,1.0,1.0,0.9327284993982717,0.9722843550244742,0.0,0.0,0.0,1.0,1.0,1.0,0.0,0.0,0.28273101929602057,0.013717643993335405,0.0,0.0,0.0,0.06170036084169377,1.0,0.0,0.062072128159436,0.8945707356968089,0.9975267807953171,1.0,1.0
31,0,0,0,0,0,0,0,0,0,0,0,0,0,0,0,0,0,0,0,0,0,0,0,0,0,0,1,0,0,0,0,0,0,0,0,0.8957717355795074,0.8464191830171177,1.0,0.07423757258328728,1.0,0.9124642420534449,0.0382442928415064,0.9707638955599448,0.08983286657886504,0.8559510554016522,0.019459523956201305,0.0,0.053633331097385745,1.0,0.8572034639655433,1.0,0.9359166445092608,0.0,1.0,0.9636653460122339,0.9352768766768592,0.02926385195764765,0.9698105801993127,0.0840146257299268,0.0,1.0,1.0,0.9496287060632218,0.91731491337453,0.8694140906427613,0.0010820688381719022,0.98917886048486,1.0,0.0
31,10,0,0,0,0,0,0,0,0,0,0,0,0,0,0,0,0,0,0,0,0,0,0,0,0,0,1,0,0,0,0,0,0,0,0,0.0,1.0,1.0,0.0,0.9585767609394187,1.0,0.883133872090094,0.05198565912972734,1.0,0.8265464359508987,1.0,1.0,0.0,0.10381304535119601,1.0,0.9337095081998537,0.0,0.16123413268872863,0.0,1.0,0.0,0.0,1.0,0.06128480805245881,0.0,0.915653603970454,1.0,0.9277737515747174,0.9807601139875937,1.0,0.0,0.06851430940676943,0.9480996713382979,0.0
31,30,0,0,0,0,0,0,0,0,0,0,0,0,0,0,0,0,0,0,0,0,0,0,0,0,0,1,0,0,0,0,0,0,0,0,0.05097136908069366,1.0,0.9834926359705901,0.0,0.9908368932700405,1.0,0.9581815929056448,0.008630848473784146,1.0,0.9665693317821161,1.0,1.0,0.0,0.025116591325028578,1.0,1.0,0.05176983666923514,0.0832969902888438,0.06570907033967031,0.8345737744945116,0.06108549783071905,0.0,1.0,0.17546850550953633,0.006068607027427323,0.8370996697807255,1.0,0.9386288864717636,0.8602115387952274,0.9487617569108457,0.0,0.0,0.8496844720403889,0.0
31,60,0,0,0,0,0,0,0,0,0,0,0,0,0,0,0,0,0,0,0,0,0,0,0,0,0,1,0,0,0,0,0,0,0,0,0.003238029577588501,1.0,0.8710020293669855,0.03289480442432778,1.0,0.9898494157734149,1.0,0.0,0.9860760338812451,1.0,1.0,0.8085013913965903,0.022717612412582546,0.029757018932083736,1.0,0.808652846029961,0.0065765261385843645,0.0,0.0,1.0,0.02410044144295283,0.025109799714270326,0.9907235254765849,0.16056183562713353,0.07692287448497706,0.9278219531065066,1.0,0.9459287689084895,0.8893317402800419,1.0,0.0,0.0,1.0,0.0
32,0,0,0,0,0,0,0,0,0,1,0,0,0,0,0,0,0,0,0,0,0,0,0,0,0,0,0,0,0,0,0,0,0,0,0,0.0,0.9328289568389514,1.0,1.0,1.0,1.0,0.0,0.020922044611293936,0.8444143306820721,0.0,0.8539803053252959,0.9469045880654158,0.9439701698464593,0.0,0.0,1.0,0.9242605994115385,0.0,0.07769661779127869,1.0,0.010807743407665603,1.0,0.11785625591779184,0.011500767977663931,0.041871922836709374,0.9534328026454197,0.0,0.8954909685261327,0.06036259432088325,1.0,0.15124750902990428,0.8311368484918187,0.900819183693657,0.06240325651297374
32,10,0,0,0,0,0,0,0,0,1,0,0,0,0,0,0,0,0,0,0,0,0,0,0,0,0,0,0,0,0,0,0,0,0,0,0.0,0.9033201110741792,0.8956928152893218,1.0,1.0,1.0,1.0,0.03420647562010457,0.0,1.0,1.0,0.0,1.0,1.0,1.0,1.0,0.11489250584611421,0.16107140370174272,0.05983379595918847,0.9417280924215241,0.0,0.9262116441044066,0.0,0.1241765291999255,0.0,1.0,0.0894168031545155,1.0,0.11493962955170352,0.9026034531561428,0.26658757896519114,0.0,0.9082826442822183,0.04398307986210931
32,30,0,0,0,0,0,0,0,0,1,0,0,0,0,0,0,0,0,0,0,0,0,0,0,0,0,0,0,0,0,0,0,0,0,0,0.0,1.0,0.9989981693069822,1.0,1.0,1.0,0.8447793872225409,0.0,0.0,0.9760443972261079,0.9505766559023952,0.0,1.0,1.0,0.9652627082653479,1.0,0.0,0.0,0.0,0.9400615859410459,0.0,1.0,0.0,0.0687995045512743,0.0,0.9064159504197921,0.0563598752098926,0.955329642939646,0.0,0.954653209154291,0.10354803581504941,0.0,1.0,0.08839432017988355
32,60,0,0,0,0,0,0,0,0,1,0,0,0,0,0,0,0,0,0,0,0,0,0,0,0,0,0,0,0,0,0,0,0,0,0,0.0,0.8957755457091685,1.0,0.9646190239161029,1.0,1.0,1.0,0.0,0.04112953501615308,0.8602363603138264,0.8759977920681408,0.03906133792830132,0.9919226142599402,0.8836723901261189,0.8748288927805389,0.8898749835338868,0.11702961268129114,0.0,0.0,1.0,0.31052869170212827,0.9885768278415398,0.001243348471921608,0.0,0.0,1.0,0.004548099703029384,0.9978424368650287,0.0,0.939667613336439,0.0,0.08876777129950408,0.9418321638708341,0.0075990024052051235
33,0,0,0,0,1,0,0,0,0,0,0,0,0,0,0,0,0,0,0,0,0,0,0,0,0,0,0,0,0,0,0,0,0,0,0,1.0,0.07375499160115372,1.0,1.0,0.006959172649696578,0.056793768656225846,0.01671937443482765,0.0,0.1933449766859557,1.0,0.004125589777718943,0.0,0.17275936013270554,1.0,0.07715978348849768,0.07638666212327111,0.04915365605516706,0.1091011969630569,1.0,0.8785290699462133,0.8989070434555791,1.0,0.9124726700426824,0.0,0.008707770331054887,0.8877334431555461,1.0,0.9879978228219679,1.0,0.0,0.0,0.05242329503775317,1.0,0.0
33,10,0,0,0,1,0,0,0,0,0,0,0,0,0,0,0,0,0,0,0,0,0,0,0,0,0,0,0,0,0,0,0,0,0,0,0.0,0.15143430684267692,1.0,0.1348739589442511,1.0,1.0,0.9765146083247233,0.2364998916399873,1.0,0.8954412353564807,1.0,0.9599774686990113,0.0,0.09487845165689114,0.9471546130216054,0.0,0.0,0.0,0.1581378838438779,1.0,0.0,1.0,0.862493123209086,0.0,0.045045143456564345,1.0,0.9502342511325689,1.0,0.9621413119946712,0.0,0.0,0.0,1.0,0.0
33,30,0,0,0,1,0,0,0,0,0,0,0,0,0,0,0,0,0,0,0,0,0,0,0,0,0,0,0,0,0,0,0,0,0,0,0.04012057261933205,0.0,1.0,0.0,1.0,1.0,1.0,0.027368935915863715,1.0,1.0,1.0,0.8990814781455712,0.14586308237774706,0.09017335470790877,0.9324582105343722,0.0355869270224663,0.07103731137266779,0.0,0.040113699242532004,1.0,0.0,1.0,1.0,0.0,0.04776096127949393,1.0,0.9160991427644051,1.0,0.9096894397266179,0.1333426237783991,0.21104162583547137,0.0,0.9956552889205585,0.10937926875881465
33,60,0,0,0,1,0,0,0,0,0,0,0,0,0,0,0,0,0,0,0,0,0,0,0,0,0,0,0,0,0,0,0,0,0,0,0.0,0.0,1.0,0.15602527368649582,1.0,0.9717142732397974,0.9316649826123008,0.0,0.9999954162470063,0.926652477157407,1.0,1.0,0.042892896993597864,0.0,0.9417822116916887,0.075776718147255,0.0,0.0,0.0,0.9676114517388797,0.0,1.0,0.9797962021869056,0.1244016792443568,0.0,0.9279987944139537,0.9736867964682321,0.9573692535653038,0.7843388806411055,0.21455036396287241,0.0,0.04185726788818141,0.8058544643142742,0.0
34,0,0,0,0,0,1,0,0,0,0,0,0,0,0,0,0,0,0,0,0,0,0,0,0,0,0,0,0,0,0,0,0,0,0,0,0.0,0.0783670368062679,0.0728986177815815,0.08803496086976569,0.9812765682733335,1.0,0.0,0.0,0.0,0.923597542548059,0.9687599064487625,1.0,0.0012784968311449856,1.0,0.8269188580071387,0.9947411775520566,1.0,0.050019236950107675,0.0,1.0,1.0,0.0,0.0,0.13606965162267795,1.0,0.1884568837147247,0.8476590883408759,0.7622209641230058,0.014556633231568989,0.853628669402405,0.14963113001562364,1.0,0.1083722800238286,1.0
34,10,0,0,0,0,1,0,0,0,0,0,0,0,0,0,0,0,0,0,0,0,0,0,0,0,0,0,0,0,0,0,0,0,0,0,0.06705053892958389,0.03543419682525006,1.0,0.01975332697041848,1.0,0.8940597033256794,0.9558883606669325,0.09425714330584897,0.0,0.0,0.07533009212050662,0.12607216865497597,0.020126190255723587,0.18300490096805033,1.0,1.0,0.0,0.022379654418183778,0.0,1.0,0.0421105141559783,0.16030048101843422,0.0,0.0,0.9765853932547497,0.0,0.9903612477373699,0.9698559495210649,0.0,0.763476155158679,0.028734025031431312,0.0,0.07346432011851514,0.0
34,30,0,0,0,0,1,0,0,0,0,0,0,0,0,0,0,0,0,0,0,0,0,0,0,0,0,0,0,0,0,0,0,0,0,0,0.0730778241832175,0.0,0.9005189284268484,0.07453804081457464,1.0,0.9057323592161122,1.0,0.1331561288392388,0.05121155250951322,0.0,0.0,0.07791693639021784,0.0,0.06484433356718934,0.8766896653878745,1.0,0.04518220450044145,0.005403998790575653,0.0,1.0,0.211713117407444,0.0,0.00912801198085943,0.0,1.0,0.0,0.9328507388445653,0.9529456237361934,0.021936363590945404,1.0,0.09364239278550907,0.0,0.02958947840817123,0.05922431037627618
34,60,0,0,0,0,1,0,0,0,0,0,0,0,0,0,0,0,0,0,0,0,0,0,0,0,0,0,0,0,0,0,0,0,0,0,0.0,0.0,0.9721160454606388,0.09756426409899381,1.0,0.854407694794532,1.0,0.0,0.0,0.0,0.0,0.007412773809585745,0.0,0.0667046157330796,1.0,0.8897167975715452,0.020529964703605866,0.0,0.028869953850902286,0.997007424006978,0.0,0.11332795503844272,0.0,0.14004647941299408,0.996441036530668,0.04720250726039174,1.0,0.7519071960652198,0.05435447620051756,1.0,0.1086915892503118,0.06410991813529267,0.0,0.0
35,0,0,0,1,0,0,0,0,0,0,1,0,0,0,1,0,0,0,0,0,0,0,0,0,0,0,0,0,0,0,0,0,0,0,0,1.0,0.8920541522034937,0.974950717000633,1.0,0.0,1.0,1.0,0.8402885722449558,0.9286131504825781,1.0,1.0,0.9678900190147554,0.9964434060197093,1.0,1.0,1.0,0.0,0.9267630499884849,0.0,0.15407742204070599,0.0,1.0,0.0,1.0,0.9951038873318929,0.0,1.0,0.10390103952984431,0.988546449173356,1.0,1.0,1.0,0.0,0.0
35,10,0,0,1,0,0,0,0,0,0,1,0,0,0,1,0,0,0,0,0,0,0,0,0,0,0,0,0,0,0,0,0,0,0,0,0.9225331100058112,1.0,1.0,0.0,0.0,0.970759205503134,0.8526545932806681,0.16412878167052677,1.0,0.9999575704261897,0.9601591187027875,0.8371502731944878,1.0,0.06403011913749629,0.8786142917488092,1.0,1.0,1.0,0.9385845760214672,0.0699154485758771,0.9517074807882482,0.9247111569176546,0.04266361009463199,1.0,0.9945296275291995,0.0,0.9394747088507037,0.0,1.0,0.9969669685061188,1.0,0.8400992663713696,0.0824120738010941,0.0
35,30,0,0,1,0,0,0,0,0,0,1,0,0,0,1,0,0,0,0,0,0,0,0,0,0,0,0,0,0,0,0,0,0,0,0,1.0,1.0,1.0,0.0,0.1315294071259185,0.8130501152788439,1.0,0.0,0.9607379133069389,0.9726162280176186,1.0,0.9620742849739049,0.9486143323119071,0.04296190508658427,1.0,1.0,0.8766500718602621,1.0,0.8882723948834128,0.1824484548333815,0.9418467609653507,1.0,0.06413429638039629,0.7402229570205847,1.0,0.020317831000518094,0.9311014871764949,0.0,1.0,0.9637713510140936,0.8716031310093586,0.943365183820557,0.0,0.14805360804156917
35,60,0,0,1,0,0,0,0,0,0,1,0,0,0,1,0,0,0,0,0,0,0,0,0,0,0,0,0,0,0,0,0,0,0,0,1.0,0.9754202584593605,0.8453066572592207,0.0,0.0927829752490052,0.9192453387675312,0.8794561797468898,0.14455067763658055,0.9853953710879996,0.9045433374123621,1.0,1.0,0.9690121950951194,0.0,1.0,0.9737455656246404,1.0,0.8797785157312732,0.9097695876174872,0.0,0.9997347622149632,0.9602477601826991,0.0,0.9549978538930134,0.856520355026183,0.0,0.9457170508287426,0.0,1.0,1.0,1.0,1.0,0.0,0.0
36,0,0,0,0,0,0,0,0,0,0,0,0,1,0,0,0,0,0,0,0,0,0,0,0,0,0,0,0,0,0,0,0,0,0,0,0.0,0.1615942545986994,0.007421074392366372,1.0,0.0,0.9371663460808043,0.10016608700601644,0.837327319769347,0.07650863425108996,0.010606359236827406,0.9617964330495452,1.0,0.12236281002505377,1.0,0.11586941407396852,0.03401317029735072,0.06872284956299286,0.0,0.016446846383301652,0.0,0.019623955069669255,1.0,1.0,1.0,0.9570125509924571,1.0,0.8753472394688768,1.0,0.954385392777954,0.9080615599910781,0.0654152328320015,1.0,0.0,1.0
36,10,0,0,0,0,0,0,0,0,0,0,0,1,0,0,0,0,0,0,0,0,0,0,0,0,0,0,0,0,0,0,0,0,0,0,0.9500923116302451,0.0554262865532773,0.9815527904088367,0.0,0.0,1.0,0.9076528915890646,0.0325073584364264,0.889969543838616,1.0,1.0,1.0,0.025204904787012445,0.0,1.0,0.0,0.0,0.023936745453301454,0.056909987636361715,0.027880811478109432,0.8531108511645255,0.9816222743743286,0.8966761576017883,0.9058529294911513,0.9590502710387915,0.892277012485466,0.8852235547947749,1.0,1.0,0.9596364294520434,0.01289315619871824,0.034235747422894834,0.0,0.0
36,30,0,0,0,0,0,0,0,0,0,0,0,1,0,0,0,0,0,0,0,0,0,0,0,0,0,0,0,0,0,0,0,0,0,0,1.0,0.09744667758047137,1.0,0.0,0.0,1.0,1.0,0.08285428655849815,0.9192134864895791,1.0,0.9023700898114837,0.9879023185446622,0.1304789959594056,0.0,0.9082931560574631,0.0,0.0,0.0,0.0,0.04009745454443017,0.9678775045054977,1.0,0.954825114164477,1.0,1.0,0.9209640414568112,1.0,0.8665251947123335,0.9523823331524693,0.9523164717525048,0.24526632962353,0.08082399438833598,0.0789939496175401,0.0
36,60,0,0,0,0,0,0,0,0,0,0,0,1,0,0,0,0,0,0,0,0,0,0,0,0,0,0,0,0,0,0,0,0,0,0,0.8966451299586453,0.08778494319981434,0.8989403402305084,0.08297914990073613,0.0,1.0,1.0,0.05893153821486068,0.9789266451195856,1.0,1.0,0.9948426170152238,0.0,0.06742761111170181,0.9998075666031635,0.0,0.0,0.0,0.0,0.0,1.0,0.8368201099039478,0.9440755859014391,0.7985928245912627,0.9754519876880337,1.0,1.0,1.0,0.8846417559386572,1.0,0.0,0.15407576039059037,0.0,0.02639381791023009
37,0,0,0,0,0,0,0,0,0,0,0,0,0,0,0,0,0,0,0,0,0,0,0,1,0,0,0,0,0,0,0,0,0,0,0,1.0,0.05637553152516731,0.06994546189944527,0.8953694393137774,1.0,0.02565419800861604,1.0,0.958085176098831,1.0,0.8091483019537511,0.05568557992180432,0.028970107037572496,1.0,0.0,0.08164994143804855,1.0,0.05567815032940058,1.0,0.936353373289453,0.0,0.0,0.0,0.952747590046293,0.020540191820723714,1.0,0.07239394020002486,0.9655691153058491,1.0,0.0,0.9433428931811154,0.8962144621553995,1.0,0.0,0.020293766482908544
37,10,0,0,0,0,0,0,0,0,0,0,0,0,0,0,0,0,0,0,0,0,0,0,1,0,0,0,0,0,0,0,0,0,0,0,1.0,0.0,0.9024407185990688,0.0,0.0,1.0,1.0,0.0,0.9599587899506846,1.0,1.0,0.9667466743856665,0.97534115040701,0.0,0.9775798275642875,0.8539281893605246,1.0,0.9752141544817591,1.0,0.035729073005208806,0.09946359378566545,0.01821329875357051,0.8385741682046192,0.0,0.9316115737002513,0.04652209989220495,0.9901244848555445,1.0,0.0,0.8968833452081426,1.0,1.0,0.0,0.0
37,30,0,0,0,0,0,0,0,0,0,0,0,0,0,0,0,0,0,0,0,0,0,0,1,0,0,0,0,0,0,0,0,0,0,0,1.0,0.048246575441555466,0.8325216036541668,0.052591014308502854,0.0,0.9571849156001667,1.0,0.0,1.0,1.0,0.9515049306815667,1.0,0.974299772771571,0.0,0.9436803228504802,0.769585048315141,0.9122699589250169,1.0,0.9516520463223854,0.0,0.0,0.014100902229179672,1.0,0.0,1.0,0.0,1.0,1.0,0.0,0.9282368167627593,1.0,0.9558199414351012,0.0,0.1143614408257968
37,60,0,0,0,0,0,0,0,0,0,0,0,0,0,0,0,0,0,0,0,0,0,0,1,0,0,0,0,0,0,0,0,0,0,0,0.9521565227380435,0.08663673935420854,0.8932984071873937,0.0,0.0570443097321557,0.8946003354713055,0.8957828130039157,0.0,0.8855603937335207,1.0,1.0,0.9673261614611882,0.7917154257157432,0.0,1.0,0.8367269790818743,1.0,0.859726475409051,0.9985239209409542,0.13610382185842645,0.052591689113441975,0.002938771796850913,0.9603604803807498,0.0,1.0,0.0,0.9928948107957376,0.9420717082693559,0.0,1.0,0.857844344586818,0.9082272191713856,0.09556216863878376,0.0
38,0,0,0,0,0,0,0,0,0,0,0,0,0,0,0,0,0,0,0,0,0,1,0,0,0,0,0,0,0,0,0,0,0,0,0,0.01707890538310301,1.0,0.0,0.004285974963445769,0.8997947554545924,0.8659789834156661,1.0,0.17021522585674967,0.8774715008976715,0.0,0.0,0.0,0.8494690467440573,1.0,0.02861529029112668,1.0,0.9718007760873314,0.043372780991957925,0.9300203862987159,1.0,0.8224900258439818,0.020001594307908627,1.0,0.9879884281423027,0.018377628001420256,0.1314995530240672,1.0,0.05367295045632875,0.8811330310166308,0.03592232272573063,1.0,0.8891018863173531,0.8188958266760171,0.0
38,10,0,0,0,0,0,0,0,0,0,0,0,0,0,0,0,0,0,0,0,0,1,0,0,0,0,0,0,0,0,0,0,0,0,0,0.0,0.9859682432385661,1.0,1.0,1.0,1.0,1.0,0.06773232328659144,0.9246928636688074,0.9606308845194406,1.0,0.9238628477982311,1.0,0.9585999885818313,0.9149594827369932,0.878706465223225,0.0,0.08523918478678921,0.0,1.0,1.0,0.17402126687956523,0.8104507850820463,1.0,0.12900136222944378,0.0,1.0,0.15677208604633586,1.0,0.02105648468115161,1.0,1.0,0.91159321415616,0.00668061552418323
38,30,0,0,0,0,0,0,0,0,0,0,0,0,0,0,0,0,0,0,0,0,1,0,0,0,0,0,0,0,0,0,0,0,0,0,0.12828658151129577,0.891989626776417,0.8653363904520484,1.0,1.0,1.0,1.0,0.0,0.9388983898116734,1.0,1.0,1.0,0.8912418040794523,0.916979186264629,1.0,0.8863304829288801,0.1141054733459441,0.10545699571493763,0.04661202381787316,0.9953639087270648,0.8963746118260029,0.08147056216538744,0.9981182697653987,1.0,0.01848723585997785,0.09333203774475315,0.9422995114764847,0.0,0.9398593305291325,0.05389208302927119,0.9700937212768561,1.0,0.9846524144410433,0.0
38,60,0,0,0,0,0,0,0,0,0,0,0,0,0,0,0,0,0,0,0,0,1,0,0,0,0,0,0,0,0,0,0,0,0,0,0.0,0.9759762461310394,0.8088092768485139,0.9049861494860025,1.0,0.8940092827260779,0.9513892860820209,0.0,0.9340766988040066,1.0,0.8357995259567599,1.0,0.9804826307591197,0.9708676347925794,1.0,1.0,0.0,0.009779840975642514,0.0,0.9878816976077255,0.9054101210836976,0.01420116958750225,1.0,1.0,0.0,0.1524580174477501,1.0,0.0,1.0,0.015099179478806228,1.0,0.9261433557871916,0.9306201359790265,0.0
39,0,1,0,0,0,0,0,0,0,0,0,0,0,0,0,0,0,0,0,1,0,0,0,0,0,0,0,0,0,0,0,0,0,0,0,0.8946823584994044,0.0,0.07749285278416675,0.0,1.0,0.03500819476146166,0.01604763047633048,0.028312852208667832,0.005337062862795668,0.12928093380254424,0.8329210799912906,0.02344613387050197,0.0,0.0,1.0,1.0,0.9665109036787702,0.0965748032955766,1.0,0.09730127291301847,0.09013479828654081,0.14372987966228168,0.9884003875471696,0.13438093424122477,0.03967171252866872,0.0,1.0,0.0,0.0,0.12215071375843185,1.0,1.0,1.0,1.0
39,10,1,0,0,0,0,0,0,0,0,0,0,0,0,0,0,0,0,0,1,0,0,0,0,0,0,0,0,0,0,0,0,0,0,0,1.0,0.019340188120386403,0.9663208799068821,0.12925740553514484,0.0,0.9118042117835022,1.0,0.007323867279855154,0.9604006390874484,1.0,0.9241402724093559,1.0,0.0,0.02837472889698141,0.9993583733392352,0.960766637772307,0.13109732056205856,0.0,0.051273628833978985,0.21483579282226303,0.08344675528492988,0.020042053122407116,0.9808717823621728,0.0,0.0,0.025950600350592015,1.0,0.10850530067700884,0.054015345780463436,0.0,1.0,1.0,0.7590882543073303,0.0
39,30,1,0,0,0,0,0,0,0,0,0,0,0,0,0,0,0,0,0,1,0,0,0,0,0,0,0,0,0,0,0,0,0,0,0,1.0,0.0,0.9979841534509347,0.0,0.023021354898689346,1.0,0.9622859229516914,0.0,0.9755251350167624,0.8753353598807825,0.9056108840654541,0.9915096778972041,0.0,0.0,1.0,0.915310040903472,0.07797996497327352,0.0,0.0,0.0,0.03573143880147902,0.033430444879565584,0.9973162252040786,0.03737091737485378,0.0,0.04598726866899526,0.8701689949580838,0.0,0.050658046197290155,0.029837943854274906,1.0,1.0,1.0,0.0
39,60,1,0,0,0,0,0,0,0,0,0,0,0,0,0,0,0,0,0,1,0,0,0,0,0,0,0,0,0,0,0,0,0,0,0,1.0,0.0,0.9304868939904756,0.0,0.07104677120248848,0.6889137792236589,1.0,0.0,0.9794828776803981,0.9824305586030494,1.0,1.0,0.08211950781580712,0.01685498423087439,1.0,0.9896415756400058,0.0,0.0,0.12766740940529944,0.014644570809032548,0.0,0.0,0.8385159529825643,0.001104725606792438,0.0,0.0,1.0,0.14504841084687134,0.0,0.04228246708465231,0.9216137195899727,0.874915321167284,1.0,0.09934171352062048
40,0,0,0,0,0,0,0,0,0,0,0,0,0,0,0,0,0,0,0,0,0,0,0,0,0,0,0,0,0,0,0,0,0,0,1,1.0,0.9296625767587685,0.8676584707222486,1.0,0.0,0.08234092567683486,0.03385661167831742,0.04262335134588192,1.0,0.9199779332901883,1.0,0.15612709616046436,0.9785257838815232,0.0,0.0,0.0,1.0,1.0,1.0,1.0,0.9653403669044175,0.18841740942828117,0.0,0.917337129680055,0.13092152741986618,0.89325535648836,0.1110293550870448,0.0369315728607561,0.06507141026717518,0.09284621818229732,1.0,0.9122473575873644,0.0,1.0
40,10,0,0,0,0,0,0,0,0,0,0,0,0,0,0,0,0,0,0,0,0,0,0,0,0,0,0,0,0,0,0,0,0,0,1,0.0,0.8827687641045198,0.9018791887720361,1.0,0.9160456993057757,0.9215593999177787,0.8560567739808069,0.04683959206420285,0.9798587175311981,0.971417884360327,0.9023295181927685,0.8778879444207114,1.0,0.8728988636772635,0.8818903615536426,0.028290042708828712,1.0,0.9297072268148037,0.9869008140533686,0.8072286842315402,0.9330127604883637,0.08763781445285078,0.0,0.7868979409407479,0.0,1.0,0.0,0.0,0.03451029917819442,0.0,1.0,0.9607867932775843,0.010658635899666483,0.0
40,30,0,0,0,0,0,0,0,0,0,0,0,0,0,0,0,0,0,0,0,0,0,0,0,0,0,0,0,0,0,0,0,0,0,1,0.0,0.9587078402126123,0.9107716146352313,1.0,0.8894091815902725,0.9788012502371396,0.890527048720094,0.0,0.9390475818930255,0.9471354886435693,0.9951529964479503,0.9740855228848149,0.7197470710235339,0.82653255349328,1.0,0.0,0.9549435028106997,0.8642586245334002,0.9910165729319247,1.0,0.9032752065508457,0.060191541328085796,0.07817429737660297,0.929370355397912,0.0677996978514323,1.0,0.0,0.2295168338212973,0.06314311510651464,0.0,1.0,0.9248669757476079,0.18070582140498168,0.0
40,60,0,0,0,0,0,0,0,0,0,0,0,0,0,0,0,0,0,0,0,0,0,0,0,0,0,0,0,0,0,0,0,0,0,1,0.06747685752249225,0.9163913960482623,0.9711561425218227,0.8626485298345432,1.0,1.0,1.0,0.0,0.9629555572467274,1.0,0.9498527054254087,1.0,1.0,0.9532647079414853,1.0,0.06460192844414096,1.0,0.9693205729619481,0.9076903859516615,1.0,0.9607840222245047,0.13792567981281262,0.0,1.0,0.0,0.7684712656615102,0.1228322704589907,0.03837985023280749,0.06421994837991937,0.0,1.0,1.0,0.0,0.05216509162098252
41,0,0,0,0,0,0,0,0,0,0,0,0,0,0,0,0,0,0,0,0,0,0,0,0,0,0,0,0,0,0,0,0,0,0,0,1.0,0.0,1.0,0.9744775777386876,0.08838046085107427,1.0,0.0,1.0,0.8888644174010558,0.0,1.0,0.6989855255721236,0.0,1.0,0.0,1.0,0.0,0.0,0.028834183377509866,1.0,0.11946038779448952,0.0,0.0,0.892482108007779,0.0,1.0,0.8392123810522971,0.9864487672675568,0.0,0.9924739787660639,0.06795515931685774,0.0,0.05490731545867216,0.0
41,10,0,0,0,0,0,0,0,0,0,0,0,0,0,0,0,0,0,0,0,0,0,0,0,0,0,0,0,0,0,0,0,0,0,0,0.0,0.09846786443654089,1.0,0.0008426570237988137,1.0,0.977278867251341,0.9487387403037141,0.0,0.10030475041898171,0.023459034219880742,0.11506406371487712,0.06644266672561779,0.0,0.0653878152629573,0.8526560225697302,1.0,0.0,0.0373673754612994,0.0,0.790004711723221,0.7974027942361461,0.05423544601573425,0.03318428931608957,0.8709596256433048,0.012259325198782561,0.9993337328583727,1.0,0.9248098033236859,0.0911704568827125,1.0,0.1416225471036223,0.021746791045995306,0.0,0.051380532413079175
41,30,0,0,0,0,0,0,0,0,0,0,0,0,0,0,0,0,0,0,0,0,0,0,0,0,0,0,0,0,0,0,0,0,0,0,0.0,0.0,0.964333216848567,0.0,0.9516435106692094,0.8759284760660769,0.9155662252909379,0.09691536898512716,0.0,0.12370494087679361,0.2336982610381508,0.05784264134229686,0.07246398468395986,0.014257016395578186,1.0,0.8801342518526943,0.0,0.0,0.0,0.8638332446463781,0.8768931910470947,0.06374489437133225,0.10039366370132417,0.9015879217860239,0.0,0.9697991441386224,1.0,0.993959536713425,0.1294709796602316,1.0,0.0,0.09105212368678135,0.0,0.13614631171388017
41,60,0,0,0,0,0,0,0,0,0,0,0,0,0,0,0,0,0,0,0,0,0,0,0,0,0,0,0,0,0,0,0,0,0,0,0.00937645874178794,0.026737800063789285,1.0,0.14437486960039372,0.8946058198175298,1.0,1.0,0.0,0.0,0.050177483500325804,0.07949141579081316,0.08773350738872125,0.0,0.0,1.0,0.8191796972553365,0.09003986800928088,0.0,0.11243731481434904,1.0,1.0,0.0,0.0,0.9861581527425801,0.0,1.0,1.0,0.8343274040386136,0.0,0.9870296740369358,0.0,0.11380452011252101,0.0,0.0
42,0,0,0,1,0,0,0,0,0,0,0,0,1,1,0,0,0,0,0,0,0,0,0,0,0,0,0,0,0,0,0,0,0,0,0,0.0,0.0,0.9857057205204758,0.0,1.0,0.9671271812900678,0.8373863401855737,0.16903952614985657,0.0,0.0,0.0,0.8917668558830583,1.0,0.15116644279430788,0.0,0.0,0.0,0.9700137217537272,0.0,0.08593224085437424,0.05092741917225462,0.0,0.9977666641692255,1.0,1.0,0.08046521740304508,0.0009273652409906845,0.9972313640173904,0.9185759769212803,0.9462123209395135,0.08713209834430254,0.1974874718960764,0.2854622043014459,0.14751759069378936
42,10,0,0,1,0,0,0,0,0,0,0,0,1,1,0,0,0,0,0,0,0,0,0,0,0,0,0,0,0,0,0,0,0,0,0,0.978355184356637,0.0,0.9079597941519323,0.19938822015264113,0.0,0.20421589472663737,0.0,1.0,1.0,0.9630543719625531,0.9868880424935081,1.0,0.9557586600359945,0.053765576760594694,0.9565261658862141,0.0,1.0,0.7578349953097873,1.0,0.0,0.9546328219274736,0.018464230976954762,1.0,1.0,0.9488511354982315,0.0,0.0,1.0,0.9348847919742125,1.0,0.0,0.034462128342216757,0.05200879107730917,0.0
42,30,0,0,1,0,0,0,0,0,0,0,0,1,1,0,0,0,0,0,0,0,0,0,0,0,0,0,0,0,0,0,0,0,0,0,1.0,0.0,1.0,0.1736221052926344,0.0,0.0,0.0,1.0,0.9934077300216309,1.0,0.9487202334892102,1.0,1.0,0.0,0.8840797857758433,0.0,0.9564834060041656,0.8354670569948413,0.8443189663034012,0.007070501581928808,0.9862597337917128,0.14592120079482054,1.0,0.9057072391058157,1.0,0.0,0.027967400226412076,1.0,0.9264382165985965,1.0,0.0,0.2675929335015741,0.0,0.07363301281789753
42,60,0,0,1,0,0,0,0,0,0,0,0,1,1,0,0,0,0,0,0,0,0,0,0,0,0,0,0,0,0,0,0,0,0,0,1.0,0.005598699374119689,0.9898239549438411,0.0,0.022141640026448303,0.016796278437239683,0.0,1.0,1.0,1.0,1.0,1.0,1.0,0.0,1.0,0.0,1.0,0.9203698334415107,1.0,0.010669311246698952,1.0,0.0,0.9482669880966852,1.0,0.924647524906039,0.005953671710133067,0.06223113252693925,1.0,0.9477150761044869,0.9979469198057893,0.16264958922368536,0.0,0.1678790545900982,0.0
43,0,1,0,0,0,0,0,0,0,0,0,0,0,0,0,0,0,0,1,0,0,0,0,0,0,0,0,1,0,0,0,0,0,0,0,0.9565720914229601,0.0,1.0,0.14233176150857918,1.0,0.0,1.0,0.0,0.05470674954093581,0.03791409879873176,1.0,1.0,1.0,1.0,0.0,0.0,0.0,1.0,0.8139604071310496,0.07556178408273134,0.0,0.9702514516643815,0.0,1.0,1.0,0.05327909543971805,1.0,1.0,0.927304052400065,0.31616767308749494,0.0,0.0,0.03936696772509212,0.12456600955296411
43,10,1,0,0,0,0,0,0,0,0,0,0,0,0,0,0,0,0,1,0,0,0,0,0,0,0,0,1,0,0,0,0,0,0,0,0.9424967073725686,0.03584644631279096,0.8741364156984314,0.05685282110536079,0.0,0.9500031467060084,0.8790935111444945,0.04532778157109884,1.0,1.0,0.9564399124575478,1.0,1.0,0.0,1.0,0.04313491019852004,1.0,1.0,0.9527812210354096,0.08912004024667758,1.0,0.9711813424452177,0.0,0.8534698406999454,1.0,0.0802060544960367,0.976981562504506,1.0,1.0,0.21211625603770803,0.08866052943806835,0.06940252651093354,0.0,0.10226967410159432
43,30,1,0,0,0,0,0,0,0,0,0,0,0,0,0,0,0,0,1,0,0,0,0,0,0,0,0,1,0,0,0,0,0,0,0,0.8713934485632123,0.15047567827282096,0.9267814723467682,0.0,0.0,0.7592759825678073,0.920881295429024,0.0,0.8591517821947598,0.899729810211948,0.9766111301619421,0.8648737154024312,1.0,0.131083373241838,0.9975738151913311,0.0,1.0,0.8349359968781606,1.0,0.0289787582375308,0.9827827033392613,0.9262290440958648,0.0,0.9598527705812412,0.9720291266276366,0.0,1.0,0.9975448777425089,0.9895986673296453,0.08565943690344785,0.05993937115999614,0.03980807205465184,0.0,0.16159776211942495
43,60,1,0,0,0,0,0,0,0,0,0,0,0,0,0,0,0,0,1,0,0,0,0,0,0,0,0,1,0,0,0,0,0,0,0,1.0,0.024545245236527014,1.0,0.0,0.0,1.0,0.98278234917005,0.13603264812729574,1.0,1.0,0.8144817239443323,0.9659128505148109,0.9777842015503171,0.0,0.8928497248620713,0.07867111324536702,1.0,1.0,0.8940785635754219,0.0,1.0,0.8595720744004172,0.0,1.0,1.0,0.21111925773073895,0.9181909023626005,1.0,0.9477170832012574,0.0494461315943514,0.16714339857706384,0.0,0.07339222200744558,0.24066793039669776
44,0,0,0,0,0,0,0,0,0,0,0,0,0,0,0,0,0,0,0,0,1,0,0,0,0,0,0,0,0,0,0,0,0,0,0,0.013580557362618012,1.0,1.0,0.9033790280982786,0.9727356632736649,1.0,0.03237477295560407,0.9683405218066015,0.9603932344880874,0.039057176129592225,1.0,0.0,0.0,0.1421074757654339,0.9735562033264251,0.0,0.9713575941391591,0.05146618079810598,0.0,0.9219004585798757,0.0,0.9796919166985506,1.0,1.0,1.0,1.0,0.07311503819790229,0.0,0.9115302238690862,1.0,0.005864131802510419,0.013380453756621814,1.0,0.9364347413995239
44,10,0,0,0,0,0,0,0,0,0,0,0,0,0,0,0,0,0,0,0,1,0,0,0,0,0,0,0,0,0,0,0,0,0,0,0.0,1.0,0.8268570034812234,0.09332954655034245,0.9295369271271923,0.9691526830988956,0.8480472411948425,0.15789961570935038,1.0,1.0,1.0,0.9672238923651452,0.0,0.014514030048816443,1.0,0.010522348817983557,0.0,0.1623582458890383,0.0,1.0,0.9065349684852162,0.9817669340133738,1.0,1.0,0.9025370891558231,1.0,0.024779516219003463,0.08126843961383828,1.0,0.8920727526270771,0.0,0.12630911166781975,0.9262712686752385,0.0
44,30,0,0,0,0,0,0,0,0,0,0,0,0,0,0,0,0,0,0,0,1,0,0,0,0,0,0,0,0,0,0,0,0,0,0,0.0,1.0,1.0,0.0,1.0,1.0,0.9169097220042972,0.17000377319369678,1.0,0.9204186475322522,0.9325772857892978,0.8473764858058572,0.05715525509818501,0.0,0.7868745275200183,0.12209108827153568,0.015171302598464774,0.0,0.02624647939152987,0.9468916415143205,0.9555882499895854,1.0,0.8807618164314698,0.8904801357369366,0.850774520734043,1.0,0.0,0.0,0.9664557731068527,1.0,0.03028543800297419,0.14276137856711932,0.9469244021256458,0.0
44,60,0,0,0,0,0,0,0,0,0,0,0,0,0,0,0,0,0,0,0,1,0,0,0,0,0,0,0,0,0,0,0,0,0,0,0.0,0.9953177896205453,0.9443986252900058,0.08693575588301818,0.844935985612961,1.0,1.0,0.0632818367824311,1.0,1.0,1.0,0.9092555576849393,0.09094521811639324,0.0,0.8425705934891937,0.0,0.21886680293966868,0.0,0.08147610392970014,1.0,0.945334732060991,0.9893064547084086,0.8717332584277984,0.9333577254718155,0.9215208343086675,1.0,0.09607576008431318,0.0,1.0,0.8635627272769566,0.21664866276732717,0.0,0.9574391271380367,0.0
45,0,0,0,0,0,0,0,0,0,0,0,0,0,0,0,0,0,0,0,0,1,0,0,0,0,0,0,0,0,0,0,0,0,0,0,1.0,0.985736282942772,0.0,0.10729256516401459,0.0,1.0,0.0,0.14089541652350732,1.0,0.0,0.0,1.0,0.0,0.13313228038340683,1.0,0.0,0.9055701920253387,0.08136657754880658,0.8417944044910455,0.8835999412411082,0.115555267008538,0.8535321490814041,0.0,1.0,0.15067571050111378,0.943787833598634,0.0,0.9249188797328907,0.0,1.0,0.0507004571541329,1.0,0.06134317310490464,1.0
45,10,0,0,0,0,0,0,0,0,0,0,0,0,0,0,0,0,0,0,0,1,0,0,0,0,0,0,0,0,0,0,0,0,0,0,0.0,1.0,1.0,0.15016615536062047,1.0,0.9483544803540155,0.861663097630233,0.02804018560630471,0.0,0.0,0.109898855144355,0.0,0.0,0.009908004245544513,0.8830294019670959,0.022222541595197452,0.0,0.0,0.023397541468198023,0.861807309368518,1.0,1.0,0.0,1.0,0.0,0.983299317045904,0.10673547263800581,1.0,0.0,0.9623023846960569,0.17944430651697665,0.0,0.0,0.13578525809372807
45,30,0,0,0,0,0,0,0,0,0,0,0,0,0,0,0,0,0,0,0,1,0,0,0,0,0,0,0,0,0,0,0,0,0,0,0.17457270847885833,0.8706026022097129,1.0,0.0,1.0,1.0,1.0,0.04675067658821519,0.09805108298459793,0.0,0.0,0.0,0.0,0.037198285705810574,0.8521994860299232,0.0,0.0,0.0,0.056212404395315975,0.8960731447584265,1.0,0.9278577943438329,0.05167501308920591,0.8735358685546639,0.18020861013166947,1.0,0.0,0.8494165895519288,0.04565157773431433,0.9681646625900335,0.0,0.0,0.0,0.10882024280545342
45,60,0,0,0,0,0,0,0,0,0,0,0,0,0,0,0,0,0,0,0,1,0,0,0,0,0,0,0,0,0,0,0,0,0,0,0.19592348837162446,1.0,0.7337355926336189,0.0,0.893119149657633,1.0,1.0,0.0,0.0,0.0,0.0,0.0,0.0,0.10842184388010134,0.9545140553232088,0.059574660991932815,0.0,0.14989967937317372,0.0,1.0,1.0,0.9669560260620422,0.12197775575845607,1.0,0.0,0.8915940868320401,0.13118203037148282,1.0,0.2002648638522782,0.9689118328675642,0.13071509540923495,0.011953982307832456,0.09376197211480645,0.0
46,0,0,0,0,0,0,0,0,0,0,0,0,0,0,0,0,0,0,0,0,0,0,0,0,0,0,0,0,0,0,0,0,0,0,0,0.11932659694124825,0.0,1.0,0.10121648030621777,0.0,0.039254790420121755,0.9479928430638153,0.0,0.0,0.06872678297071859,0.007223615975103313,0.16592716119547474,1.0,0.0,0.033470484497263774,0.8716849155523325,0.0,0.0,0.8760209567707601,0.9818293793383288,0.0,0.025712293535771015,0.0,0.0,0.04720714343969132,0.0,0.07860289494092004,0.043411151168362035,0.9076564247421561,1.0,0.07611067023584371,0.7181228435177904,0.0,0.039699139726505295
46,10,0,0,0,0,0,0,0,0,0,0,0,0,0,0,0,0,0,0,0,0,0,0,0,0,0,0,0,0,0,0,0,0,0,0,0.07631510554470472,0.0017100236862854367,1.0,0.0,1.0,0.910855999530001,0.8087457053584785,0.0,0.004423299591452534,0.05529431393994654,0.0,0.0,0.9464038556858405,0.12961913030130606,0.9544066580414395,0.9545391674700439,0.0,0.03485265997300804,0.019103813642647814,0.9730457828386783,0.24825183921556693,0.0495949952281271,0.0,0.003569722628837122,0.033951013351189434,0.0,0.09811214788420786,0.029691729125879654,0.7421570702649352,1.0,0.0,0.0,0.08317435186159233,0.17133063338511567
46,30,0,0,0,0,0,0,0,0,0,0,0,0,0,0,0,0,0,0,0,0,0,0,0,0,0,0,0,0,0,0,0,0,0,0,0.0,0.0,0.9666532030203545,0.0,1.0,1.0,0.9794306992377483,0.0863384303855672,0.0,0.1380008193095002,0.1070602307445783,0.0,1.0,0.0,0.9355227870176482,1.0,0.15863340009552349,0.0,0.0,1.0,0.0,0.0,0.0,0.050132858721765795,0.09812448226886501,0.0,0.0,0.0,1.0,0.9388595304512704,0.07522439652705093,0.0,0.1487501113166407,0.0
46,60,0,0,0,0,0,0,0,0,0,0,0,0,0,0,0,0,0,0,0,0,0,0,0,0,0,0,0,0,0,0,0,0,0,0,0.10138845649346465,0.0,0.9557037852038153,0.03218324576828071,0.9650401254836971,1.0,1.0,0.002896113164486363,0.0,0.03909261675215909,0.056791983374558756,0.0,0.7788388930275008,0.26578781313249333,0.9292517085387869,1.0,0.019800020243297384,0.055817994221143155,0.0,0.8835359691051438,0.10805059111332893,0.0,0.0,0.023168432108284433,0.12796824268415463,0.16069039735297155,0.0,0.0,1.0,1.0,0.0,0.047395548180879855,0.08469695613042988,0.0
47,0,0,0,0,0,0,0,0,0,0,0,0,0,0,0,0,0,0,0,0,0,0,0,0,0,0,0,0,0,0,0,0,0,0,0,0.0,0.025861221815750086,1.0,0.0,0.0684777184269883,0.09883757719855231,0.0,0.0,1.0,1.0,0.0,1.0,0.9113790728745285,1.0,1.0,0.009102000913085308,0.0,0.14095686331340782,0.9152362061668395,1.0,0.0,1.0,0.1267948735993327,0.9216811540361872,0.9831876862970376,0.0,1.0,0.04649927945312396,0.004034086923701704,0.8913052215384674,0.9422948837811941,0.9352504116114647,0.06097551508761473,0.9989019159284522
47,10,0,0,0,0,0,0,0,0,0,0,0,0,0,0,0,0,0,0,0,0,0,0,0,0,0,0,0,0,0,0,0,0,0,0,0.0,0.07835340049706145,0.8534689724855583,0.0,0.9338942426419723,1.0,0.9574897722817501,0.0,0.08378227609586003,0.00638182957680593,0.09312730592115476,0.0,0.8748784043141171,0.0,1.0,0.2236287998819179,0.0,0.02680402452494762,0.012005478773588166,0.9054425943241461,1.0,0.8754476385208851,0.0,1.0,0.9947153509014358,0.0137745431459641,0.814093201378032,0.06123445695867147,0.0,0.9910275786322666,0.9865984562693446,1.0,0.0,0.03152145897960434
47,30,0,0,0,0,0,0,0,0,0,0,0,0,0,0,0,0,0,0,0,0,0,0,0,0,0,0,0,0,0,0,0,0,0,0,0.006242781894126914,0.0,0.9983175734025935,0.0,1.0,1.0,0.9780941926875163,0.10396948300323666,0.0,0.0,0.03022841697044172,0.09299842847423152,0.8387136775624233,0.007204318160096048,0.9705367066413499,0.061324037762481826,0.0,0.0,0.0,1.0,0.9145497653581852,0.7907224000826861,0.0,0.9584774738311427,0.9170229154260576,0.1493893672676286,0.8993379330200559,0.030422082873318757,0.0,0.9998532985208578,0.9942018278215407,1.0,0.0,0.03031385944085493
47,60,0,0,0,0,0,0,0,0,0,0,0,0,0,0,0,0,0,0,0,0,0,0,0,0,0,0,0,0,0,0,0,0,0,0,0.00646766342111274,0.0,1.0,0.02893025879286909,1.0,0.9540809951568954,1.0,0.0,0.11338210196341295,0.004414284652639907,0.014931850273703726,0.17327911264400955,1.0,0.006882625199746902,1.0,0.10845338087920947,0.08794586261339656,0.03453520269645626,0.0,1.0,1.0,1.0,0.284359393692672,1.0,1.0,0.0,0.9234920263852058,0.0,0.08974344511125658,0.9645827455904882,1.0,0.9999107917232741,0.0,0.0
48,0,0,0,0,0,0,0,0,0,0,0,0,0,0,0,0,0,0,0,0,0,0,0,0,0,0,0,0,0,0,0,1,0,0,0,0.0,0.0,0.0,1.0,0.06206298863580101,1.0,0.88255499280536,0.0,0.04435142170387083,0.0,0.9344961682197808,0.999060532332366,0.11881437161052488,0.03889380827076107,0.8640444616302978,0.0,0.707173945539525,0.09174593205864771,1.0,0.0,1.0,0.0,0.0,0.15838074127515275,1.0,0.9688963130137581,0.05142839617468817,0.9725335181622239,1.0,0.09674340501764381,1.0,1.0,0.0,0.999739943792667
48,10,0,0,0,0,0,0,0,0,0,0,0,0,0,0,0,0,0,0,0,0,0,0,0,0,0,0,0,0,0,0,1,0,0,0,0.8412494054499247,0.0,1.0,0.0,0.0,0.10737957357057844,0.10302839826403937,0.8529031525521712,0.0,0.0,0.0,0.14693107674442038,0.0,0.0,0.10115345856871578,0.061380028402900355,0.0,0.007200777427027108,0.019265439422842437,0.22012409479672324,0.0010082931297212432,0.11797062999965796,0.0,0.13573449103494414,0.9990783855208799,0.9713816314854933,0.0,1.0,0.9486456307359695,0.18372357620920587,1.0,0.7825163201174612,0.0,0.06926881735696909
48,30,0,0,0,0,0,0,0,0,0,0,0,0,0,0,0,0,0,0,0,0,0,0,0,0,0,0,0,0,0,0,1,0,0,0,0.9517136747256266,0.0,1.0,0.3256636434538379,0.15063162511100356,0.0873943417492064,0.0,0.8212943298894674,0.012165539479145396,0.0,0.0360205135058616,0.009746960070247055,0.0,0.0,0.0,0.0,0.0,0.0,0.16598638867717297,0.0,0.11503508742213404,0.0,0.0,0.06979574169990915,1.0,1.0,0.02039731486604813,0.9050594519188986,0.9747199786385206,0.0,0.9213834688997378,1.0,0.0,0.0
48,60,0,0,0,0,0,0,0,0,0,0,0,0,0,0,0,0,0,0,0,0,0,0,0,0,0,0,0,0,0,0,1,0,0,0,0.7961661961142782,0.0,1.0,0.0,0.0,0.08314898986769428,0.17582470329588418,0.992925637624409,0.006909046789737987,0.1131490304834081,0.03931539708488255,0.0,0.10171798175606164,0.12782150911665083,0.009181369027225897,0.045362028780135205,0.05141985525623566,0.0,0.0,0.03028499333679928,0.0,0.0,0.0,0.0,0.8223485395754732,1.0,0.004971376116461475,1.0,0.9886015680845224,0.0,1.0,0.9737759607211344,0.0006913481011820454,0.0
49,0,0,1,0,0,0,0,0,0,0,0,0,0,0,0,0,0,0,0,0,0,0,0,0,0,0,0,0,0,0,0,0,0,0,0,0.0,0.8911930428556174,0.0,0.0,0.9398478542856716,0.0,0.0,1.0,1.0,0.11683585693415398,0.002209258721738586,0.9748338917459968,0.0,0.01100980208980372,0.0,0.0,0.05027441625831559,0.0,0.8426577600391751,0.0754467121072657,0.0006354350344560958,0.8732512301122654,0.9578901233490397,1.0,0.8811105247024403,0.8789426575623015,0.9553962390918401,0.0,0.049006357279541196,1.0,0.0,0.0,0.8864341793352004,0.032249240751261204
49,10,0,1,0,0,0,0,0,0,0,0,0,0,0,0,0,0,0,0,0,0,0,0,0,0,0,0,0,0,0,0,0,0,0,0,0.9764068709476655,0.9953225300178467,0.9925897415917402,0.0,0.12764712986987872,0.9690215346467373,1.0,0.0,1.0,1.0,1.0,1.0,0.0,0.0,1.0,0.04993236693063154,0.19120911849860647,0.0,0.0,0.08488356552260946,1.0,0.9433388505952334,0.9393600348012725,0.9664024679995444,1.0,0.9501377098076954,0.8633227967442252,0.0,0.07480005272306829,0.878162002346749,0.10090079715556809,0.03008019897791942,1.0,0.061406434285681294
49,30,0,1,0,0,0,0,0,0,0,0,0,0,0,0,0,0,0,0,0,0,0,0,0,0,0,0,0,0,0,0,0,0,0,0,1.0,1.0,0.9822917598085312,0.08728082167949386,0.00014122616210027048,0.9073218871480844,0.9926156683943094,0.01718049362925347,0.8902103060754376,0.8696815816844353,0.85195877352474,0.8649686460969371,0.07108234701964487,0.0834734781641916,1.0,0.0,0.10984816684663104,0.023857753939234283,0.0,0.0,0.8903099894103647,0.9750886507531724,0.8751024618457897,0.9921528282690173,0.9766289262454948,1.0,0.9537350415507095,0.029024126135739056,0.025973028367834425,1.0,0.0,0.0,1.0,0.09187749639686212
49,60,0,1,0,0,0,0,0,0,0,0,0,0,0,0,0,0,0,0,0,0,0,0,0,0,0,0,0,0,0,0,0,0,0,0,1.0,1.0,0.8824881882315475,0.0,0.0,1.0,1.0,0.0,0.9960083403351412,1.0,0.9344208033127095,0.9913998429978047,0.1378458701021372,0.1901347320791409,0.983024765810035,0.0,0.07637466115632802,0.0,0.0,0.0,0.7667183016184759,1.0,0.8700598704382742,0.781285952787476,0.9682103964725562,1.0,0.836753323465939,0.0,0.04961325068819062,0.8633171515994515,0.0,0.0,1.0,0.0
